"","date","total_stake","unbonded_amount","bonded_amount"
"1",2020-06-18,214241072.253394,6690451.4,97846595.902236
"2",2020-06-19,276195893.155771,1550,56392271.029084
"3",2020-06-20,325551621.88134,0,44909216
"4",2020-06-21,328165840.427228,49257.8385687092,10021067.25
"5",2020-06-22,348099138.319936,274420,29931654.1580586
"6",2020-06-23,368420093.783499,418027.4,22627054.618
"7",2020-06-24,386756286.435147,25100,2377918.8
"8",2020-06-25,389616275.208465,8e+05,4965473.8823
"9",2020-06-26,394071923.132393,160633.965373698,1600417.2
"10",2020-06-27,406341266.142133,938731.677997218,11869022.7337201
"11",2020-06-28,408731487.215407,390615.409626074,5321650.85288422
"12",2020-06-29,421615788.635762,1146.6222941321,22860517.4392
"13",2020-06-30,422531427.874374,0,1136562.9
"14",2020-07-01,424567001.726108,4531681.41940265,6849554.7
"15",2020-07-02,441524528.868835,2481579.19516627,9796480.3
"16",2020-07-03,448689026.544191,24278.5704050205,3996862.7
"17",2020-07-04,451286982.345915,24.5868085483,753974.3
"18",2020-07-05,452076128.880887,20685.4,764761
"19",2020-07-06,452860404.172184,181383.546811689,454612.8
"20",2020-07-07,453512555.023596,4000,124700
"21",2020-07-08,456211292.812646,27522.7544524165,4192035.14
"22",2020-07-09,458161208.664922,1204928.01692023,146402.458
"23",2020-07-10,457494076.40018,35848,523218.394315243
"24",2020-07-11,457356988.514707,12700,88509.4272
"25",2020-07-12,457940581.747374,0,294659.438124149
"26",2020-07-13,465251502.768171,30001.999,7714649.03507053
"27",2020-07-14,466042733.722127,125783.1,242369.208091423
"28",2020-07-15,466924391.820743,216184,1898317.35966718
"29",2020-07-16,467988423.317107,1032612.11115298,95381.4
"30",2020-07-17,474781284.812537,1316546.4843,10378293.6
"31",2020-07-18,475487592.281698,896033.654696376,1580118.07161169
"32",2020-07-19,476619339.128165,975499,322582.274252116
"33",2020-07-20,473100984.669393,4398698.56978077,20094503.3678226
"34",2020-07-21,468503436.449132,21294781.6552301,29223910.7758
"35",2020-07-22,498422697.503174,6867555.16013034,148972.7182
"36",2020-07-23,491127629.508969,888530.467209561,2527055.8806
"37",2020-07-24,493856578.745501,737640.009853364,1216620.38994444
"38",2020-07-25,494247631.815377,4023823.76300631,2660517.72519096
"39",2020-07-26,494232112.969326,1540451.28801304,9548140.03661638
"40",2020-07-27,499541206.019399,2557556.96740198,1669233.1667
"41",2020-07-28,502321294.221527,282046.536708022,3228684.27506991
"42",2020-07-29,504346071.136358,814676.22396148,1817255.53
"43",2020-07-30,508971585.882507,193296.541260685,3322630.99356875
"44",2020-07-31,508200027.739157,230005.662937454,189801.8291
"45",2020-08-01,508108058.204517,40964.8870480025,1123420.60398174
"46",2020-08-02,508065427.701441,429091.146258972,701792.889
"47",2020-08-03,500919427.508106,6957954.04559805,104559.893137042
"48",2020-08-04,501276840.060971,1402616.82349601,790515.5092
"49",2020-08-05,500270394.337133,4065765.52534128,1990230.3632509
"50",2020-08-06,496259947.432233,1405091.62223167,344786.2536
"51",2020-08-07,495259158.088005,890805.913473968,240532.689816679
"52",2020-08-08,495022533.460746,548200.088934113,441624.438424785
"53",2020-08-09,494939203.123354,3728453.0331578,3021059.13641654
"54",2020-08-10,488124792.081497,1504631.79382562,9055258.48106127
"55",2020-08-11,503662071.187908,651484.431129943,640059.3238
"56",2020-08-12,506567864.867819,10056086.2635702,4516767.01020303
"57",2020-08-13,497896387.260879,859039.635812431,178353.4
"58",2020-08-14,499472823.322004,49525.2298238071,2212041.998
"59",2020-08-15,499962708.96389,174558.912451735,52650
"60",2020-08-16,499772643.818186,2634299.19854951,338243.9
"61",2020-08-17,496777802.845252,1619341.13548353,336400.434527956
"62",2020-08-18,495970072.141508,5376817.24102169,11415112.5806
"63",2020-08-19,500980523.62246,9666222.17531962,10918169.1516711
"64",2020-08-20,507734546.330362,115925.944111265,6295771.10043842
"65",2020-08-21,514438411.406503,441885.860681811,9411862.4813
"66",2020-08-22,556015669.961944,473210.304946378,36054123.2737595
"67",2020-08-23,560295824.893897,1646249.41046475,4371965.53894632
"68",2020-08-24,563507795.593066,410462.377822371,11039297.7216803
"69",2020-08-25,570344815.871504,6448617.5785865,7430408.89713889
"70",2020-08-26,573867309.451237,5691672.05520444,4070844.14217456
"71",2020-08-27,570688754.573631,1207634.09133903,1961033.86973067
"72",2020-08-28,570797444.321198,1983971.33048535,3152553.39829044
"73",2020-08-29,572229637.096376,218532.714574964,4432715.27780548
"74",2020-08-30,576520162.878105,501235.254422156,745327.945331699
"75",2020-08-31,577713416.723913,373158.075053549,7219273.86424081
"76",2020-09-01,580373538.932711,1676903.11512637,3379247.89958829
"77",2020-09-02,584585667.297449,1831445.45575884,3282766.96393575
"78",2020-09-03,586603899.380424,910091.016340673,678516.454346716
"79",2020-09-04,585267598.74881,409231.399813286,2541565.95795697
"80",2020-09-05,586341499.524893,945910.644606579,1150543.30973284
"81",2020-09-06,586638421.772853,974756.816870828,339627.863591076
"82",2020-09-07,587290477.731189,91923.4302935983,514143.459003498
"83",2020-09-08,587307725.889228,156588.094759497,638619.2158587
"84",2020-09-09,590995279.021503,195404.008743248,1552935.49101664
"85",2020-09-10,592972547.004893,1977267.32410249,972200.844766459
"86",2020-09-11,594327050.10666,338670.08574437,3673114.41064804
"87",2020-09-12,593892123.933565,39989.5547903171,813801.346148803
"88",2020-09-13,594778235.221795,826291.221125011,5944055.78309112
"89",2020-09-14,596794070.803659,1765490.19680899,1480311.6536536
"90",2020-09-15,600785085.807952,250638.001883369,1092886.8034406
"91",2020-09-16,598740711.365731,727502.385154342,510105.885469419
"92",2020-09-17,602934218.912037,239685.855553044,893989.668729937
"93",2020-09-18,603672316.517664,482987.564029463,239980.601096209
"94",2020-09-19,603201656.22557,1298580.1805084,431438.811490407
"95",2020-09-20,601463915.117162,733859.747262562,663588.491866695
"96",2020-09-21,604920312.5036,162203.097483092,14550454.1816614
"97",2020-09-22,607651750.902265,56526.7721204596,2738858.55054836
"98",2020-09-23,614953738.570465,5118004.38737074,614784.666111789
"99",2020-09-24,615937911.708016,68010.4889957578,2423891.09751283
"100",2020-09-25,617548286.81658,1785087.67127708,947753.701481674
"101",2020-09-26,615876433.428648,29436.906092251,562738.092440274
"102",2020-09-27,619090373.805608,283567.541125405,931975.968666922
"103",2020-09-28,618389012.984426,1341836.9773328,4586596.85398929
"104",2020-09-29,620872076.209651,420132.142396001,4029635.52004923
"105",2020-09-30,626713551.537613,121612.144759332,1089341.98283518
"106",2020-10-01,628055676.448465,106848.555833239,800206.15436899
"107",2020-10-02,628155926.212644,72441.4546952256,1152833.30272911
"108",2020-10-03,628469236.775581,714873.523806651,862877.345857513
"109",2020-10-04,628801802.868778,80485.588956882,152620.462930273
"110",2020-10-05,628900122.042601,105891.803809738,90961.9141845576
"111",2020-10-06,629723149.601107,177852.793000596,1581154.40479768
"112",2020-10-07,632021689.887112,50490.4136682304,645230.551885584
"113",2020-10-08,632410862.425677,265407.232518691,814027.52967065
"114",2020-10-09,633435598.250976,30835.6592951733,6485225.62131203
"115",2020-10-10,640087242.199139,124963.321268311,2245902.18648552
"116",2020-10-11,641981256.590733,128397.453451286,220709.849871621
"117",2020-10-12,642853910.365883,42410.308725146,1025978.61184664
"118",2020-10-13,643869530.691551,158794.701282859,810974.471988037
"119",2020-10-14,644332520.860235,182912.982402301,278784.971099496
"120",2020-10-15,644375916.52303,37849.5711007173,865060.988488437
"121",2020-10-16,645292755.296697,82778.4921976748,355831.39532406
"122",2020-10-17,644617328.384014,530130.547196935,2551126.02815773
"123",2020-10-18,646128943.253448,64483.877706536,632038.388504393
"124",2020-10-19,646730043.786667,28032.5361102822,357114.867817169
"125",2020-10-20,647179644.21724,179801.190861497,1122453.15186632
"126",2020-10-21,648329409.308177,86173.5163377535,8770352.74173225
"127",2020-10-22,657266362.431847,207866.897964631,726261.412108441
"128",2020-10-23,659365779.049382,219051.345312777,5075350.83510566
"129",2020-10-24,664423974.02225,104934.686761295,616310.716661251
"130",2020-10-25,662885970.335726,483547.628590617,153852.050910908
"131",2020-10-26,662927272.952833,137068.986458005,277496.879714904
"132",2020-10-27,664043885.884813,167718.479587577,3323523.81160365
"133",2020-10-28,667581920.153979,481822.523750179,595984.660870838
"134",2020-10-29,668087167.699071,580395.227949002,1386650.60308263
"135",2020-10-30,669067592.793938,39043.2213834543,1005682.66983447
"136",2020-10-31,669423032.801303,252121.403253793,211006.857131748
"137",2020-11-01,669736260.768872,51603.7261645915,881862.010810089
"138",2020-11-02,669876682.738693,82166.9206281248,224639.939929107
"139",2020-11-03,670203893.714126,126211.86226388,374431.07016949
"140",2020-11-04,671076433.808381,62206.6246712056,1147406.3664904
"141",2020-11-05,672351047.075848,586034.761015104,685850.801051941
"142",2020-11-06,674317166.924145,556254.677319212,2067271.43300527
"143",2020-11-07,674655941.030845,306953.960415495,251163.073088286
"144",2020-11-08,674578651.74844,83033.4462564932,133911.551079264
"145",2020-11-09,674205098.028295,629306.722605512,711442.886722414
"146",2020-11-10,675042877.555007,99452.0849174595,1213605.37729392
"147",2020-11-11,677137491.491917,57432.6910653636,671217.655784384
"148",2020-11-12,677767404.249817,159291.072444564,1523843.6996771
"149",2020-11-13,678893538.659303,88832.5383683266,477313.300132451
"150",2020-11-14,670697478.282272,8704586.14790995,205886.683643988
"151",2020-11-15,670682082.959495,38475.6434343039,135035.741197093
"152",2020-11-16,670753129.361625,194478.736162977,356900.671551735
"153",2020-11-17,671435012.082668,5851953.51175374,413230.617766031
"154",2020-11-18,666438118.99151,543496.965876018,1119573.8469918
"155",2020-11-19,666578143.846053,249102.783901565,664775.224486951
"156",2020-11-20,667186293.202386,95103.5938036868,2139865.53389327
"157",2020-11-21,669115590.360292,8116483.7443218,844620.204921915
"158",2020-11-22,662226491.354672,695984.534421438,812913.653939378
"159",2020-11-23,661955511.766555,267783.924077439,256079.557442955
"160",2020-11-24,662314228.145122,867060.40201881,470348.317703815
"161",2020-11-25,662069988.436864,979636.823055676,9593291.0969567
"162",2020-11-26,661698641.124123,285203.85604066,958518.724088307
"163",2020-11-27,662214600.444245,57791.682289862,446830.657073224
"164",2020-11-28,672625302.391583,338328.359471073,922787.683722618
"165",2020-11-29,674485536.257617,34307.2601309327,2301191.50313422
"166",2020-11-30,674001470.107381,1634495.80267429,182738.955535363
"167",2020-12-01,673664449.42179,316965.227479453,274914.676488656
"168",2020-12-02,673729791.638199,79088.5403330471,325652.083453378
"169",2020-12-03,675307071.15477,191782.745245556,1798183.68530295
"170",2020-12-04,677813705.904734,788372.429848286,23572399.195117
"171",2020-12-05,677203939.421751,934369.172765867,490794.165452134
"172",2020-12-06,677053887.611258,45994.0401068292,151406.151176465
"173",2020-12-07,675495951.433029,1104547.86617417,11020482.768143
"174",2020-12-08,674991206.462823,161035.487479195,312222.557678477
"175",2020-12-09,677398871.700949,333595.422268366,811232.924025076
"176",2020-12-10,677892508.686345,304502.184152481,192622.610366895
"177",2020-12-11,677763011.485719,206785.063019284,229178.753911547
"178",2020-12-12,677975978.217031,305909.147163895,457390.430724571
"179",2020-12-13,678283985.08509,118501.912755635,293210.209641323
"180",2020-12-14,678653008.029155,214401.65818794,263451.486294402
"181",2020-12-15,679550720.998347,416716.92633199,10265794.0227228
"182",2020-12-16,679994954.852059,743149.644267917,221600.444789274
"183",2020-12-17,691678335.187442,853736.593964352,5425670.35066111
"184",2020-12-18,633600247.712921,1964631.68305571,261278.609108833
"185",2020-12-19,628867539.706404,4481118.08088103,991777.037635419
"186",2020-12-20,629191137.662356,667163.951916291,536811.965184674
"187",2020-12-21,628641063.180481,565096.928856998,1026641.91520701
"188",2020-12-22,629120465.613675,79982.1685217203,903677.693972882
"189",2020-12-23,630441286.255975,766444.737670168,2237237.03517243
"190",2020-12-24,631913477.815917,1341513.53809843,438417.047238016
"191",2020-12-25,632031937.754507,252177.80156684,339553.382593867
"192",2020-12-26,632012502.514958,264478.087652781,78070.629803814
"193",2020-12-27,631054910.735252,256031.096327871,251245.329223742
"194",2020-12-28,634113253.756555,709067.905960176,3045893.36500793
"195",2020-12-29,654982417.469895,804695.146260568,1165461.14932673
"196",2020-12-30,651143267.561432,3996268.03267438,388887.509388556
"197",2020-12-31,649984176.117082,1706942.77529799,527736.203803739
"198",2021-01-01,649052530.612377,1324203.90402926,382018.070131874
"199",2021-01-02,649448187.942974,2034020.00479466,290937.50698763
"200",2021-01-03,646046158.686509,878952.52738027,573845.512353657
"201",2021-01-04,645285494.164676,2662124.26656547,362552.266257445
"202",2021-01-05,645601723.028702,1999294.24980085,947111.436132796
"203",2021-01-06,643046242.431365,2674943.16148889,837870.462268916
"204",2021-01-07,638959320.325169,4030171.33263638,547244.457390831
"205",2021-01-08,633522378.07079,10308955.5479143,1051440.97018964
"206",2021-01-09,628444363.066355,1153320.82536256,383387.149016625
"207",2021-01-10,627970094.28374,1391763.54265065,155097.121326968
"208",2021-01-11,626978978.539231,309440.475419249,139501.351761522
"209",2021-01-12,627078788.389241,363000.298181876,830350.4673223
"210",2021-01-13,626565498.529742,351265.576095848,770768.513405114
"211",2021-01-14,627729023.324127,1112698.53984831,947626.720050592
"212",2021-01-15,626358602.63007,2333660.93721281,1641107.52271978
"213",2021-01-16,623874759.518675,6070953.52205313,324003.56237664
"214",2021-01-17,619894309.415639,964892.60217112,290436.909232089
"215",2021-01-18,618498702.623087,1893074.93812036,423455.894664463
"216",2021-01-19,620109930.79519,929235.440781877,2250072.18096639
"217",2021-01-20,614967684.906996,4601362.92019898,475457.380583982
"218",2021-01-21,614506506.264084,230304.69101258,387797.435436909
"219",2021-01-22,617503401.753292,672156.200824101,319838.044831615
"220",2021-01-23,618292581.925334,129155.798576907,182761.304123231
"221",2021-01-24,616603467.29799,261483.065040423,127434.624141003
"222",2021-01-25,617319037.343422,427537.483015775,658096.715733929
"223",2021-01-26,619040872.353036,7601806.94135548,9651916.27989762
"224",2021-01-27,619945671.854029,2971981.83125204,250587.902604294
"225",2021-01-28,616998485.763715,272955.961460325,939748.59182752
"226",2021-01-29,618405865.627239,248288.497744383,12122819.8138969
"227",2021-01-30,629111693.644302,246502.732263162,135546.535276073
"228",2021-01-31,629377398.488931,280962.186246268,80540.9205257761
"229",2021-02-01,628612841.42078,1267918.86680435,351192.814813884
"230",2021-02-02,628518822.437468,114779.222849518,381913.072595916
"231",2021-02-03,630372677.430061,389016.906801022,148619.900610131
"232",2021-02-04,629153897.439864,2222555.0617495,180595.450125316
"233",2021-02-05,626761090.369338,1318576.80337305,137408.065532986
"234",2021-02-06,627443652.173062,298150.939155907,4511131.30497858
"235",2021-02-07,631351465.873419,1168288.45430635,417545.772603134
"236",2021-02-08,637560604.286372,930920.841798633,255234.885028199
"237",2021-02-09,636308567.303519,2842728.38005895,516717.296218014
"238",2021-02-10,635086315.58414,1090215.05567925,4096990.80244532
"239",2021-02-11,636939632.223651,2344256.71456508,1564952.55676984
"240",2021-02-12,638717531.409621,1407754.15422139,532993.230166618
"241",2021-02-13,638583035.998365,6715360.10864312,403807.264393934
"242",2021-02-14,633294055.82425,486050.082312459,134610.933790641
"243",2021-02-15,632884657.667087,1716900.35651286,411485.337170738
"244",2021-02-16,631113438.644174,2318446.44866331,418319.610112251
"245",2021-02-17,630799600.68647,1908616.1364713,632471.778227392
"246",2021-02-18,629335421.26549,1379946.46050188,275211.419369425
"247",2021-02-19,622157834.318775,7365155.54961842,391884.887518249
"248",2021-02-20,619427021.316477,2891160.12576262,624963.064242723
"249",2021-02-21,617530045.533271,2509617.21334263,244820.290096163
"250",2021-02-22,617690393.200465,7708023.13086007,2806875.57274037
"251",2021-02-23,610953388.99891,515072.680245004,104491.354979899
"252",2021-02-24,608999395.792213,2228876.74777464,528620.299064497
"253",2021-02-25,607764162.780578,1436917.89066394,276157.917550424
"254",2021-02-26,608895051.279478,829166.614474216,214617.611556397
"255",2021-02-27,667357590.957736,115126.076267547,676757.803447995
"256",2021-02-28,669130907.692775,334188.848105169,427379.962746261
"257",2021-03-01,669367729.181466,631962.302865303,389855.891893271
"258",2021-03-02,669310417.839352,158771.425694636,885225.249160482
"259",2021-03-03,669037204.887262,325647.864731313,556076.209997353
"260",2021-03-04,671040861.756972,286837.216986527,2247685.13752824
"261",2021-03-05,671189062.744088,838617.65628022,5200237.47903537
"262",2021-03-06,676353393.74117,685409.352787012,1826688.25063447
"263",2021-03-07,677330170.194465,115200.634638052,280215.306067481
"264",2021-03-08,676775114.57154,201051.136418466,227586.568116749
"265",2021-03-09,677097523.374026,553042.807572977,517791.660414779
"266",2021-03-10,677230485.40792,200466.186064691,3008061.46470782
"267",2021-03-11,680242279.520938,687909.680798071,647505.697812349
"268",2021-03-12,680625877.775845,694141.101788966,479336.199030058
"269",2021-03-13,680003114.993751,575307.48899429,337662.206095776
"270",2021-03-14,680162886.545707,243455.931997067,357565.974531425
"271",2021-03-15,680264718.150737,719007.858633901,666384.571347943
"272",2021-03-16,680252597.981657,344736.460865312,198370.887121361
"273",2021-03-17,680154354.572756,480356.567949536,457590.773544917
"274",2021-03-18,680754534.508617,1552046.79884354,1204574.25936301
"275",2021-03-19,680291964.707467,148929.188823406,772721.489394834
"276",2021-03-20,681041655.948428,595080.151376177,852239.507533085
"277",2021-03-21,681247937.148726,201149.493987728,143749.862794476
"278",2021-03-22,681269254.150122,159948.862510521,348964.98706433
"279",2021-03-23,681680927.422315,249459.256377605,4895954.37927402
"280",2021-03-24,686282299.332757,342340.21543842,460034.359770252
"281",2021-03-25,686658949.631122,75943.100530708,359432.392571371
"282",2021-03-26,686209991.662326,411872.322684578,2140241.48976379
"283",2021-03-27,688283282.194024,132533.353457711,291018.712201773
"284",2021-03-28,688334820.214977,242899.580894343,703312.301050364
"285",2021-03-29,688813211.248332,477096.509387752,243700.559380587
"286",2021-03-30,689256843.125883,271953.547772639,1973284.72712279
"287",2021-03-31,691294628.086911,256940.268194778,1093380.61744586
"288",2021-04-01,690982385.47212,1478421.14631373,269896.981770088
"289",2021-04-02,689954228.457571,492094.805284015,578151.240060186
"290",2021-04-03,690250102.23797,612003.088171469,690138.679125477
"291",2021-04-04,690704163.441486,191471.104404284,334661.6740593
"292",2021-04-05,688910572.566325,1029606.39430289,208002.068800461
"293",2021-04-06,688342685.024643,625789.858631029,259666.68482228
"294",2021-04-07,687841752.081074,864069.860894104,187973.076567549
"295",2021-04-08,682550158.56166,5285924.95714988,183917.52812955
"296",2021-04-09,684327406.600567,98505.0896643397,213051.066911173
"297",2021-04-10,684697366.974356,179369.343895725,478504.764082379
"298",2021-04-11,683529371.441022,196729.277221439,167701.5525808
"299",2021-04-12,683525728.223659,1527687.01900658,399083.722077475
"300",2021-04-13,684203729.710432,430873.942358133,110375.960479163
"301",2021-04-14,688053898.35706,168799.047420398,4375232.2569253
"302",2021-04-15,688506055.315883,208620.836672604,500161.735315414
"303",2021-04-16,688090060.595536,898119.193560784,207225.396347044
"304",2021-04-17,687644229.43266,653194.922765241,1287140.4332773
"305",2021-04-18,687793189.876543,920683.370614868,235318.286885771
"306",2021-04-19,684424507.196217,4277787.959789,10682192.8625524
"307",2021-04-20,693194662.190184,1212114.6476602,1258845.24332153
"308",2021-04-21,694659210.863495,447791.587876942,245988.387704298
"309",2021-04-22,694595974.957789,218102.161870406,243917.940895867
"310",2021-04-23,687873053.494242,5942345.61762785,215978.410442984
"311",2021-04-24,686958092.900877,289171.69386989,88170.0224440349
"312",2021-04-25,686969629.090638,169870.152865604,172304.613340842
"313",2021-04-26,688426561.744904,360555.776501044,91227.4204851185
"314",2021-04-27,689091482.212195,95782.4316516302,374932.60020095
"315",2021-04-28,689420581.557184,66434.5225660645,457170.728127121
"316",2021-04-29,689680358.059374,73628.5230297644,271093.81365035
"317",2021-04-30,689672069.235059,741265.943725681,749183.235820734
"318",2021-05-01,690084367.01327,58914.3527309468,416439.921212362
"319",2021-05-02,687587195.421787,488689.719299107,372028.170908123
"320",2021-05-03,690848331.784072,97363.0025567769,203435.114885599
"321",2021-05-04,690928823.052893,982237.608999764,338719.142134949
"322",2021-05-05,690537402.949957,421095.614397657,261101.301469133
"323",2021-05-06,690533605.885774,680740.531326191,164115.474767781
"324",2021-05-07,690274592.281628,593168.450423023,527242.219828727
"325",2021-05-08,690236212.223219,113316.740468271,150656.524788709
"326",2021-05-09,689486644.28059,675767.414290161,66993.4697902626
"327",2021-05-10,689709946.770525,2245209.00889655,333474.29599217
"328",2021-05-11,687973578.584145,312511.769374615,292089.639391381
"329",2021-05-12,687986003.742586,249318.855459842,178113.218946331
"330",2021-05-13,690131612.026415,262409.809845842,2211315.46118318
"331",2021-05-14,689554427.151447,1513336.20612675,1378669.03269657
"332",2021-05-15,689047380.79477,453975.311615609,201161.063796723
"333",2021-05-16,689023365.23883,1633258.4781166,162557.080952595
"334",2021-05-17,687193758.947077,384806.720067918,279634.67625832
"335",2021-05-18,687400343.772263,1420162.53379375,6267192.71457521
"336",2021-05-19,692177237.373424,452415.943374266,270878.542827849
"337",2021-05-20,691335466.816371,5555949.7580296,286523.140531079
"338",2021-05-21,687088672.120589,485903.0634998,1439223.23103869
"339",2021-05-22,686904714.315724,712436.742651411,370392.98707851
"340",2021-05-23,687702895.898661,1782222.26532956,555430.750843834
"341",2021-05-24,686441068.59903,422201.078475574,1359036.86257152
"342",2021-05-25,687728056.17904,513876.484527408,1013027.8969329
"343",2021-05-26,687464876.349972,378779.76084955,347767.846263854
"344",2021-05-27,687307035.581768,180996.702025379,519088.037619498
"345",2021-05-28,687464322.103181,63209.0264238445,120474.673220566
"346",2021-05-29,688291020.483946,81897.8554499805,258412.643035994
"347",2021-05-30,688455324.232561,126604.061341629,727696.336196726
"348",2021-05-31,689021656.933937,293618.853952867,515112.153900666
"349",2021-06-01,688931984.249953,62717.1208997524,2322502.32737774
"350",2021-06-02,690851396.931848,190274.531270122,126011.626362407
"351",2021-06-03,690921394.95211,44220.8095145527,157888.033098407
"352",2021-06-04,691249417.513437,22741.8696461438,403454.038321166
"353",2021-06-05,692130872.876066,85938.2268885638,569408.990295141
"354",2021-06-06,691337761.899046,583746.707544005,128243.531483899
"355",2021-06-07,691173244.663073,1466415.38599569,307608.194859463
"356",2021-06-08,689674352.717965,2290020.91055918,324047.799667176
"357",2021-06-09,687914607.432146,2179419.44044462,193997.980868504
"358",2021-06-10,687023760.071436,54170.1572812833,113256.16491747
"359",2021-06-11,684733602.076592,2961367.82102841,175498.695476126
"360",2021-06-12,684169724.028901,457048.558021434,366450.631636062
"361",2021-06-13,684085281.356498,60248.8725300689,365179.1307298
"362",2021-06-14,683541105.19794,76556.6552437939,167206.469066559
"363",2021-06-15,680662854.661074,3333012.58994075,1023131.25031882
"364",2021-06-16,682541462.61395,117532.764717907,292234.95959976
"365",2021-06-17,682955829.828099,203760.807714769,180690.093683998
"366",2021-06-18,678340490.099105,329924.807605798,290913.979385167
"367",2021-06-19,679273367.76786,43907.1777102572,861836.132083962
"368",2021-06-20,679298715.001941,103172.198137417,130206.945241294
"369",2021-06-21,679378228.066919,132190.950866063,363605.944747375
"370",2021-06-22,679905631.93622,131233.753318262,2021842.18939884
"371",2021-06-23,682297469.248901,124341.139152516,344081.03392607
"372",2021-06-24,682187035.907381,2503886.26517603,143475.491019954
"373",2021-06-25,680217999.436793,170372.489958736,212145.214582792
"374",2021-06-26,680156702.245997,31691.8922709063,250198.485677966
"375",2021-06-27,680312500.506806,55656.6249776839,337266.438323191
"376",2021-06-28,676614548.704545,4262924.57110599,100658.524350896
"377",2021-06-29,676594805.786069,400539.204630077,91744.6025207348
"378",2021-06-30,676475361.826799,87815.9259854158,807782.105261856
"379",2021-07-01,677052385.32529,155022.546871477,129265.984935838
"380",2021-07-02,681142963.912248,79233.9186282516,323146.253883526
"381",2021-07-03,681392674.135316,33801.0368601249,405708.675719152
"382",2021-07-04,682106982.349991,109070.614640985,189327.72525799
"383",2021-07-05,679357023.604071,204763.719448971,874409.410956069
"384",2021-07-06,680050957.697625,2096977.1213204,320503.245865968
"385",2021-07-07,679870749.934965,63829.8255731508,482394.677370807
"386",2021-07-08,681494808.904692,11608.7907092372,466326.009334108
"387",2021-07-09,681845300.859662,20945.9943460105,410229.340052317
"388",2021-07-10,682630135.242673,32151.6976911042,374045.133268055
"389",2021-07-11,683313748.303362,10300.8155854815,328916.114947679
"390",2021-07-12,683406692.10314,75325.3640199162,302145.543344307
"391",2021-07-13,684872202.26502,441101.052512331,756242.939787889
"392",2021-07-14,685124443.803196,490123.406612567,1282478.99565394
"393",2021-07-15,687201423.39485,444702.665589531,572899.667834091
"394",2021-07-16,686713201.553591,47144.7636493771,589559.86957836
"395",2021-07-17,686798165.371717,525974.77674183,358471.795203732
"396",2021-07-18,686578056.368523,109443.068447574,126553.935118552
"397",2021-07-19,686781151.496698,67410.1211757017,221555.305796403
"398",2021-07-20,687293230.984702,384450.665197688,498553.142005866
"399",2021-07-21,688138119.258925,79454.5335860126,485175.126737005
"400",2021-07-22,686684085.303105,2070902.5250249,485910.39462297
"401",2021-07-23,686413584.668623,3240642.47660174,114462.68873688
"402",2021-07-24,684081716.550246,127692.406687225,1111012.25793108
"403",2021-07-25,684406911.524398,148281.223058187,519913.540235906
"404",2021-07-26,684425374.107207,604593.370416411,229163.381192815
"405",2021-07-27,687040867.742014,2405535.50178169,2827240.44332125
"406",2021-07-28,685121298.788871,219513.802771939,178474.361342708
"407",2021-07-29,685084992.595092,107417.18101486,167458.931609663
"408",2021-07-30,684969169.077692,171500.987798381,652236.451453172
"409",2021-07-31,685405689.460947,161457.061358144,106030.078091276
"410",2021-08-01,685689242.707674,379411.460490479,186976.710727725
"411",2021-08-02,685490156.423004,339780.077615444,108630.167542451
"412",2021-08-03,686115702.64918,320136.146118584,300072.038227167
"413",2021-08-04,686198786.764688,103623.36448436,176714.66754111
"414",2021-08-05,686313255.616691,91819.4788877864,1591241.98827788
"415",2021-08-06,686201346.915454,518027.685794077,2192553.89601825
"416",2021-08-07,689589663.265819,457845.384793432,219893.209664364
"417",2021-08-08,690139550.097845,300599.585898663,102629.588088322
"418",2021-08-09,689425471.637419,1192988.57996141,888123.397217991
"419",2021-08-10,690395173.767695,312670.802076563,1289310.24496061
"420",2021-08-11,663778422.462671,588723.028680406,117464.074064567
"421",2021-08-12,663875505.184036,76438.9007453948,186035.206438829
"422",2021-08-13,656094188.760227,45126.4106022118,148326.133690548
"423",2021-08-14,656412255.762076,328202.888087661,166311.111421665
"424",2021-08-15,656140742.946238,56439.8787241818,242043.298395864
"425",2021-08-16,656241487.333301,103847.065127134,212592.059666284
"426",2021-08-17,655248893.077199,1441937.08043246,130003.738391275
"427",2021-08-18,659375895.36559,1518937.97899862,3729409.74787392
"428",2021-08-19,658775060.641118,270803.110541628,182291.534962565
"429",2021-08-20,658666025.328599,682953.880112174,17708679.1826383
"430",2021-08-21,665505334.218004,139812.014354857,322157.815288577
"431",2021-08-22,665980846.265822,37193.7903032375,95844.5417761152
"432",2021-08-23,665934147.632529,264223.670531555,329620.540252074
"433",2021-08-24,676611523.491797,330795.891263508,150910.99879069
"434",2021-08-25,676235681.718209,287767.482173229,886549.112308053
"435",2021-08-26,676503765.962123,728154.566635989,236527.475467652
"436",2021-08-27,707789741.250348,377149.165972273,868018.038362176
"437",2021-08-28,706462660.346973,1040655.77218586,159322.714443415
"438",2021-08-29,706574174.386354,133429.589851895,320009.817223678
"439",2021-08-30,709116903.469464,245875.061260346,1655004.47355467
"440",2021-08-31,705920928.744495,961201.348664658,734694.994575963
"441",2021-09-01,708694371.71264,515553.011459678,1669327.47346318
"442",2021-09-02,710485782.120966,462307.333717424,1015036.46281081
"443",2021-09-03,711036123.055179,184384.259057132,2591076.65922766
"444",2021-09-04,712618425.353985,653473.587628024,1575055.94029336
"445",2021-09-05,711024311.417605,195483.923801401,213967.50977399
"446",2021-09-06,712992192.67614,2219473.00882863,12199944.0737889
"447",2021-09-07,709814431.017203,1367282.56385806,391802.243542592
"448",2021-09-08,713300557.261389,646148.206993075,575231.401222278
"449",2021-09-09,710424472.681056,543665.077016246,140483.161496402
"450",2021-09-10,709969016.524021,232246.393882221,173739.511507144
"451",2021-09-11,709950642.870431,281407.409051378,95072.0577475686
"452",2021-09-12,710085141.054616,273110.773127225,561578.453173679
"453",2021-09-13,709798023.339223,603474.020641997,260562.782398407
"454",2021-09-14,710902471.659174,251758.882340954,1169909.02193015
"455",2021-09-15,710509372.168837,123969.754287787,199904.141819118
"456",2021-09-16,710730581.9346,259558.24598475,642042.631460191
"457",2021-09-17,711111308.576305,1086638.76956471,191646.136684762
"458",2021-09-18,710354227.36251,137205.778173593,431492.026105396
"459",2021-09-19,710344550.299929,288665.234842157,627533.646805751
"460",2021-09-20,711342000.498839,374831.087332265,133859.223191061
"461",2021-09-21,711346642.068463,153501.922631843,373523.613855775
"462",2021-09-22,711209851.505974,1089470.36243205,806644.013126233
"463",2021-09-23,712075727.563336,355855.02669224,916030.886555842
"464",2021-09-24,711741031.255012,258025.681785128,121370.904753595
"465",2021-09-25,711705518.667225,789663.777729257,377124.248739915
"466",2021-09-26,711725086.707565,54071.7419293971,582055.982852859
"467",2021-09-27,710833698.045048,1726928.37910548,402801.402188842
"468",2021-09-28,709149581.291055,2229024.51097415,285476.434330987
"469",2021-09-29,709369776.216042,371225.672770962,623826.457104614
"470",2021-09-30,711854073.832629,1861541.57764809,115681.201127648
"471",2021-10-01,711718394.903224,535836.288458162,330822.087537066
"472",2021-10-02,711068066.291833,607836.040820863,226188.078888874
"473",2021-10-03,709541082.089275,198634.460619841,67653.8639514889
"474",2021-10-04,709545174.169295,221738.384865586,98961.0838622293
"475",2021-10-05,709517627.281922,130888.546361563,418782.340592747
"476",2021-10-06,710137733.133013,270176.001682437,206117.640805655
"477",2021-10-07,710175682.793528,878810.400895958,439371.199094196
"478",2021-10-08,709471314.981903,3010391.35201834,494448.562016962
"479",2021-10-09,706835066.84098,135088.835809776,65792.2151254844
"480",2021-10-10,694701466.074791,504377.185719188,113559.819719722
"481",2021-10-11,690472387.215639,599258.184087036,115740.395408309
"482",2021-10-12,691670489.746713,405066.341256799,75600.6255575445
"483",2021-10-13,704340330.873546,10127656.7639516,205554.755698673
"484",2021-10-14,677179277.472937,24708662.3338365,512463.993956605
"485",2021-10-15,668981543.179483,6565545.2063654,58595.245361812
"486",2021-10-16,662246024.400638,7273408.55330707,395399.351425201
"487",2021-10-17,656356534.20802,1636527.01177448,38011.8982709101
"488",2021-10-18,655019294.767299,3301662.94762003,589652.979744822
"489",2021-10-19,651805161.041079,1795678.13856984,1064186.95879301
"490",2021-10-20,651240736.534435,6906680.57121875,104768.689411908
"491",2021-10-21,644690060.94194,616659.65374516,618018.28318681
"492",2021-10-22,644555996.956619,707028.197486068,908306.130915617
"493",2021-10-23,644684668.54245,832458.305924212,139351.464775503
"494",2021-10-24,644468728.602565,148908.821750962,258720.415939103
"495",2021-10-25,644138900.109584,1578318.52093623,77575.4317204645
"496",2021-10-26,643563506.138427,518874.187843044,95597.1412118445
"497",2021-10-27,643123446.440567,1129578.43067742,67795.9531214271
"498",2021-10-28,642253780.41446,387450.996652878,101703.152744958
"499",2021-10-29,641608089.802759,762343.09915141,158892.105634925
"500",2021-10-30,641473159.447578,1071201.00978345,86197.2571223499
"501",2021-10-31,641236342.012527,221078.828857096,254140.457614144
"502",2021-11-01,640324291.381131,1202760.56683578,261860.314639434
"503",2021-11-02,639108590.859009,3008058.36525933,571942.008407254
"504",2021-11-03,637683697.032363,472077.731028504,198965.985494554
"505",2021-11-04,637367966.510352,1582626.85558423,149797.988933014
"506",2021-11-05,632809391.963755,690277.84269569,376886.360592723
"507",2021-11-06,632796137.40625,3590702.37106804,87850.1568624747
"508",2021-11-07,630821733.498249,1863404.88561592,421753.07851211
"509",2021-11-08,630977455.991042,1736407.11760743,138747.710994454
"510",2021-11-09,625096693.009507,5407885.18083896,183794.827186094
"511",2021-11-10,624524039.034103,3137593.4774873,823891.889359349
"512",2021-11-11,621942210.238652,180040.094470891,161247.291520249
"513",2021-11-12,621378889.374444,3028845.61341522,137412.476090216
"514",2021-11-13,619167977.806207,14842569.1015156,343944.338622208
"515",2021-11-14,605837799.968656,472662.346272236,1373103.08313697
"516",2021-11-15,604928090.194444,1670535.71011452,181511.795567022
"517",2021-11-16,603387567.496089,125088.422504454,630615.993823352
"518",2021-11-17,603779581.743169,440025.628628151,218113.759445016
"519",2021-11-18,604639672.28544,67304.5233560091,2612454.45526346
"520",2021-11-19,608434074.754495,1259616.31833733,1944707.14351811
"521",2021-11-20,607556756.766376,64643.8906647907,194457.804014744
"522",2021-11-21,607852762.286611,76743.0377313972,263828.013210326
"523",2021-11-22,607835008.953272,333469.02029394,446960.12100622
"524",2021-11-23,609181780.029432,555048.399049778,178423.137505239
"525",2021-11-24,608849597.788269,1912275.287463,1213985.18126967
"526",2021-11-25,607733907.80633,321900.02238548,152227.982972321
"527",2021-11-26,607265029.600646,1344565.86845769,715331.835251742
"528",2021-11-27,607317481.155634,75894.5815242624,383602.275540888
"529",2021-11-28,606584834.718668,246784.454584059,109333.717484423
"530",2021-11-29,606194446.261249,1184663.41609178,131274.96100126
"531",2021-11-30,606780175.288958,145536.275519366,649937.710705839
"532",2021-12-01,605200774.927588,1267009.48584795,361830.997911805
"533",2021-12-02,606141771.150209,1329668.20346836,221283.512109513
"534",2021-12-03,605102741.14018,92022.034939271,467707.485428791
"535",2021-12-04,604747267.451997,674924.742134808,1099101.27372858
"536",2021-12-05,605046298.345496,1347690.12224107,867731.109063908
"537",2021-12-06,605493995.627305,1838840.78457187,7350020.89989952
"538",2021-12-07,610071885.034021,68047.132037347,206904.544569451
"539",2021-12-08,609897833.03216,78522.9083866976,6223438.48293386
"540",2021-12-09,615217045.315829,38651.3412743853,3166813.81243729
"541",2021-12-10,616715054.085624,3018144.12899333,370879.289849152
"542",2021-12-11,618184578.652235,81822.8766148585,176923.237458271
"543",2021-12-12,618317682.830868,28835.6540191692,137818.70058055
"544",2021-12-13,618853274.843493,39676.0017158548,179708.472888402
"545",2021-12-14,618816250.801958,1959223.60226674,1440722.46356199
"546",2021-12-15,617087003.29419,648161.974079435,194580.002923018
"547",2021-12-16,617478401.475236,175045.890802134,843455.897213353
"548",2021-12-17,615271480.510418,1871701.75722566,571655.006365533
"549",2021-12-18,615704569.089714,930980.731374683,277637.138742421
"550",2021-12-19,615982945.506251,29496.452728756,120408.774553097
"551",2021-12-20,614967128.96202,1281384.25086747,967198.106578742
"552",2021-12-21,618675038.706411,85934.6624534664,494641.370196822
"553",2021-12-22,618928421.457258,349095.877998966,510988.00449818
"554",2021-12-23,619159737.798386,71847.5752525474,278337.832116575
"555",2021-12-24,618379200.143545,187016.955430992,186580.107608601
"556",2021-12-25,619413879.445769,75451.0607539723,91851.6200638722
"557",2021-12-26,619994178.250301,23702.6033486245,111403.163023483
"558",2021-12-27,619641086.232844,3820657.70940569,337889.364739173
"559",2021-12-28,616239960.778331,113184.808247666,971725.298096816
"560",2021-12-29,617253183.035845,164944.166292543,1087261.03156506
"561",2021-12-30,617552550.254809,114208.784197698,121906.853645556
"562",2021-12-31,618653212.802301,136163.933240003,1772801.47415215
"563",2022-01-01,619915761.554625,51041.3706121869,133289.781549155
"564",2022-01-02,620506003.659626,1275352.87537692,111257.751091999
"565",2022-01-03,617939125.428825,150708.281617636,901644.528818548
"566",2022-01-04,618576681.455694,57142.8895000702,64148.9318548119
"567",2022-01-05,615587014.096642,3335820.66013152,284145.366158952
"568",2022-01-06,616087261.65711,203546.247447147,314825.900046591
"569",2022-01-07,613243365.414515,3271183.48319993,4269567.77328824
"570",2022-01-08,613394439.45697,52813.639387147,241474.343125038
"571",2022-01-09,614124133.127021,37426.5140286477,121785.836438026
"572",2022-01-10,615474592.012965,212993.384817388,190142.330484787
"573",2022-01-11,615645341.100229,195799.294973004,1218843.76350047
"574",2022-01-12,616720430.928947,567238.841682514,877574.579484195
"575",2022-01-13,617080494.409074,342388.851983302,758186.898404646
"576",2022-01-14,617368263.638427,131407.794795141,140452.341685158
"577",2022-01-15,618157688.551688,123483.030115975,225735.444468728
"578",2022-01-16,617940122.834235,32635.5598856895,1045431.15026226
"579",2022-01-17,619019893.596462,68219.564505838,219933.344238765
"580",2022-01-18,616760287.888864,2557080.33247956,109532.672989582
"581",2022-01-19,617257372.150517,2738740.8182969,725188.845839545
"582",2022-01-20,615845189.641904,46363.2367313478,91425.4453341909
"583",2022-01-21,616500344.890776,138733.583065085,1277732.34783851
"584",2022-01-22,616755511.984059,98713.0332224716,1268972.08625152
"585",2022-01-23,617152247.007238,286615.618039462,973388.85286262
"586",2022-01-24,617013316.561318,562235.78239308,228196.183246634
"587",2022-01-25,616795874.513716,1010383.57557521,245203.451503232
"588",2022-01-26,615838714.370201,178367.966723353,672435.37443291
"589",2022-01-27,616563929.995259,37672.1748938482,1151312.58407779
"590",2022-01-28,612347001.41693,98179.8813747241,217371.892086491
"591",2022-01-29,612204162.510718,238219.707654092,735096.694352107
"592",2022-01-30,611432924.499003,35296.537878595,598877.888426974
"593",2022-01-31,607363195.466268,269982.058367901,520528.190043394
"594",2022-02-01,618717099.324053,197578.316665021,892834.425378066
"595",2022-02-02,618197565.567065,264781.839806595,1223685.6410953
"596",2022-02-03,622474228.059438,114753.767346536,4606262.91254076
"597",2022-02-04,624999322.724941,137281.35378278,208889.716004827
"598",2022-02-05,624764273.388764,215600.851203254,444824.267564537
"599",2022-02-06,619923904.979681,320408.666285112,196334.687160462
"600",2022-02-07,620072057.200706,231916.043602366,764602.633437628
"601",2022-02-08,614195670.935409,196185.551863604,310997.016408323
"602",2022-02-09,614128980.14294,193264.350936121,224083.390023418
"603",2022-02-10,615982238.313195,246213.269377802,748630.09497713
"604",2022-02-11,614595225.324662,276253.192642338,322965.241083163
"605",2022-02-12,614392555.721881,16687.8502081616,87516.5855381043
"606",2022-02-13,613899744.772152,1405827.53289662,117700.786356819
"607",2022-02-14,613275294.294437,101566.117620842,4994453.25049662
"608",2022-02-15,616995314.073172,60960.0049884742,297169.492457074
"609",2022-02-16,615935733.099092,68312.8783725367,118676.165773427
"610",2022-02-17,615243524.50798,63200.6464135543,377574.007000343
"611",2022-02-18,614646332.546788,165750.50910712,5181296.70200694
"612",2022-02-19,616791417.24384,1008997.5425263,140609.450716278
"613",2022-02-20,616349465.069175,167879.870974472,585243.01835099
"614",2022-02-21,615666973.803366,184970.779034169,159389.85765331
"615",2022-02-22,616230151.721587,71324.3678081197,312784.293104077
"616",2022-02-23,615770938.661451,138958.913928553,126568.861724839
"617",2022-02-24,616032995.794617,134205.377027547,1159596.31137678
"618",2022-02-25,632594631.964153,68367.1798041178,2421369.85860152
"619",2022-02-26,638455322.065967,92999.9343158391,112580.73485982
"620",2022-02-27,636986924.68865,40637.994096655,158638.705392151
"621",2022-02-28,635605016.851613,196499.899441972,271228.815306896
"622",2022-03-01,637421315.965603,12978613.0051834,384434.235470509
"623",2022-03-02,627191218.478896,157920.826049899,434745.10665013
"624",2022-03-03,627162175.335554,115699.014548715,1759414.52807598
"625",2022-03-04,627225798.017804,287702.720563701,673725.763653596
"626",2022-03-05,628655907.0132,74438.6120898349,153986.44233686
"627",2022-03-06,629694553.0724,177472.588280304,119520.390520987
"628",2022-03-07,629715203.419158,115801.581022282,267715.482416608
"629",2022-03-08,630990284.018246,237373.656034096,707800.472048047
"630",2022-03-09,633667397.097824,90426.6953161607,342357.881952417
"631",2022-03-10,634249660.73721,12649568.284497,4966123.26307675
"632",2022-03-11,624837107.02935,90021.3162764914,782684.838239745
"633",2022-03-12,625324483.451762,76535.999457689,193200.437782459
"634",2022-03-13,626522789.610286,16467.056228808,34977.6538130124
"635",2022-03-14,625941999.031209,254335.770018993,124325.582010353
"636",2022-03-15,625765647.166417,1304078.69909313,100958.830958519
"637",2022-03-16,624178970.425282,20343.3444611961,414241.02101242
"638",2022-03-17,624836274.184022,134514.651835053,168943.43046918
"639",2022-03-18,624999736.046924,3778990.90698242,602955.799290654
"640",2022-03-19,621401359.054316,65448.2783271791,98351.2409510449
"641",2022-03-20,621497155.806967,716731.706967634,63179.210872491
"642",2022-03-21,621262128.721807,126809.326498762,184940.599896895
"643",2022-03-22,621751633.220904,108186.0289598,147581.287667367
"644",2022-03-23,621878553.795059,37081.147077927,280408.883205889
"645",2022-03-24,622503687.563855,649657.621427977,498140.459407404
"646",2022-03-25,620763477.210907,24890.1904575256,2228412.19071604
"647",2022-03-26,623017890.931915,318553.966811027,156882.666966505
"648",2022-03-27,624638793.593398,81220.9031008528,114629.086885513
"649",2022-03-28,624730314.161445,6076693.27026503,184831.566731657
"650",2022-03-29,618863898.288327,59296.8654470504,105782.359961034
"651",2022-03-30,618939275.276978,49354.2725600951,2512587.88820988
"652",2022-03-31,619082176.29676,1190000.09925066,82663.727130225
"653",2022-04-01,618013063.05277,379481.045566631,638799.09943262
"654",2022-04-02,618357275.827854,647061.744511283,87988.0964555221
"655",2022-04-03,616294549.560266,44136.9835988584,85684.4381640441
"656",2022-04-04,620202395.319227,64876.0274132682,77619.0139015075
"657",2022-04-05,620226359.636134,128357.498284253,93279.6651819218
"658",2022-04-06,619957950.091025,95890.0532776168,263974.160557051
"659",2022-04-07,620858229.661401,39573.8205128918,78084.6018274128
"660",2022-04-08,620650917.130661,43037.7984976666,157981.015117331
"661",2022-04-09,620662042.255325,105797.910748776,73008.9555129013
"662",2022-04-10,620711374.429941,66451.5744718338,54161.5538057283
"663",2022-04-11,620364319.922726,726512.547450714,1445439.37710902
"664",2022-04-12,620248308.65593,68684.1500320081,285880.517053081
"665",2022-04-13,619384976.908746,1832956.25048062,12410698.7106027
"666",2022-04-14,620357698.134644,132561.540861037,104975.101089227
"667",2022-04-15,632473153.438985,28443.8516191035,864940.654845787
"668",2022-04-16,632643260.519577,232287.590193632,55944.0467389412
"669",2022-04-17,632281322.575706,82467.8509574404,56636.5413339527
"670",2022-04-18,633192742.290525,136328.061910902,150010.434619593
"671",2022-04-19,631155114.856002,56418.6880059997,60399.3888513982
"672",2022-04-20,632895879.212131,296608.545883702,238906.982610955
"673",2022-04-21,632918812.013541,82685.4625199262,89180.3887784592
"674",2022-04-22,633020027.828833,23659.0781130653,121166.013713858
"675",2022-04-23,631290687.616594,45252.2007785013,181236.667239325
"676",2022-04-24,631313391.138804,58542.7694464439,82962.1760975657
"677",2022-04-25,631597003.224223,83744.0029840258,915036.219658505
"678",2022-04-26,634226577.530714,165011.069090106,168807.568222318
"679",2022-04-27,634448118.666729,121964.880411002,164722.383722238
"680",2022-04-28,634446459.24766,72533.1723411416,311645.828876375
"681",2022-04-29,635019657.80286,127093.027002216,329048.12613472
"682",2022-04-30,632858681.613235,53476.2449361357,84647.5613889701
"683",2022-05-01,634854960.314257,127852.031559179,137539.821441217
"684",2022-05-02,633886515.510366,1085349.2064349,2785814.83858017
"685",2022-05-03,636180938.0988,553404.001370963,102483.977103898
"686",2022-05-04,636176354.740645,1206343.58706541,152494.996419429
"687",2022-05-05,635378803.713838,363999.555442894,150543.307701192
"688",2022-05-06,635555477.71428,113105.825366105,360716.878334429
"689",2022-05-07,634222383.029877,378926.896900365,348993.604251812
"690",2022-05-08,636019497.410882,347341.534959806,378118.596216162
"691",2022-05-09,636035526.026984,1073056.62792549,225201.059271808
"692",2022-05-10,634862672.450776,1012175.08348215,1475058.06036789
"693",2022-05-11,635851058.892023,713094.855343728,2770314.39658141
"694",2022-05-12,638582409.821163,679145.442801801,1845550.03899701
"695",2022-05-13,639294698.895099,416752.81452267,2081911.2508228
"696",2022-05-14,640387104.554068,67699.6693900788,228518.818100686
"697",2022-05-15,640407026.35779,120999.639589869,609578.003659354
"698",2022-05-16,640503497.148866,115478.247438864,506242.97948632
"699",2022-05-17,640164616.672511,162197.252777143,673808.803861468
"700",2022-05-18,638799449.688585,470687.297572315,271643.963071659
"701",2022-05-19,638278838.822714,7260988.760278,179818.910172636
"702",2022-05-20,632941514.934218,41163.068469385,633288.727331998
"703",2022-05-21,633136261.419808,73807.4963237528,162563.880283601
"704",2022-05-22,633350426.19175,27780.9416340437,97005.956084986
"705",2022-05-23,633474005.16876,1137450.66960124,98926.2456068489
"706",2022-05-24,632485004.936323,360880.590057092,482719.348614943
"707",2022-05-25,631694281.208416,137165.262862241,465140.07213045
"708",2022-05-26,631991126.43847,60202.2196710251,159847.948295464
"709",2022-05-27,631044764.582588,374066.035394916,406307.327579649
"710",2022-05-28,632682931.874335,141674.26119494,174653.395794308
"711",2022-05-29,632699767.907856,56426.0539405906,4045689.03029553
"712",2022-05-30,636756571.970249,150501.602609062,149191.347945283
"713",2022-05-31,636706541.839304,84072.5796296514,1329163.92410498
"714",2022-06-01,637740260.477687,135637.425341441,7134223.49840072
"715",2022-06-02,642518515.139155,2869438.67207677,148568.54598483
"716",2022-06-03,642679870.57005,2517865.95993802,102144.530405312
"717",2022-06-04,640610869.749819,117591.437203098,113339.528319362
"718",2022-06-05,640334776.697285,69977.7463628424,795076.931157714
"719",2022-06-06,639719070.189084,98194.8764115031,143520.466679867
"720",2022-06-07,639626481.071834,69869.2748697177,146882.906661258
"721",2022-06-08,640532823.700964,29954.6311389907,204038.765378041
"722",2022-06-09,640279637.515493,703125.050897802,134950.978815512
"723",2022-06-10,639102130.691087,458184.726773248,152698.357234286
"724",2022-06-11,639923256.714119,70839.8004456868,209870.105043449
"725",2022-06-12,640176402.630699,6494452.92366501,280002.055387591
"726",2022-06-13,633196112.759056,71728.1460619675,332865.841374601
"727",2022-06-14,633338793.953262,136102.591844675,265597.076129545
"728",2022-06-15,633369987.117966,10082647.0423979,958128.729353649
"729",2022-06-16,624692197.52391,377105.888472837,254304.724019921
"730",2022-06-17,622296667.79156,1504398.70103151,330954.205937795
"731",2022-06-18,622316021.805592,385814.354933871,419551.572089735
"732",2022-06-19,622379960.590095,124705.132325208,121820.745768849
"733",2022-06-20,624334909.693582,589639.443903031,260755.253662223
"734",2022-06-21,624430165.906243,436072.550401495,635814.343965688
"735",2022-06-22,625721694.740393,392867.530692778,464303.996067266
"736",2022-06-23,625586940.85851,447199.195899386,311002.652993101
"737",2022-06-24,625386180.06256,54724.8611243902,149321.926530648
"738",2022-06-25,625655481.33154,13169.0288455932,141528.844875869
"739",2022-06-26,625847052.47973,46061.0469755974,257432.665162834
"740",2022-06-27,626246972.992448,62232.5704032873,1776684.28250268
"741",2022-06-28,626273427.332423,1960779.35349923,160435.031065508
"742",2022-06-29,625942500.590443,331131.507555133,135517.436625615
"743",2022-06-30,626023994.077123,3637295.40677829,218746.633338835
"744",2022-07-01,624043514.851631,43641.1905082014,613434.44628594
"745",2022-07-02,624580039.490716,51146.1778136217,166177.210418305
"746",2022-07-03,624664356.721382,65043.8915894242,124382.381544689
"747",2022-07-04,624914058.237831,31608.786454242,163125.757958108
"748",2022-07-05,625140563.540294,36932.8094378735,349966.079213211
"749",2022-07-06,625184862.706918,1652340.97642567,195920.55267446
"750",2022-07-07,624545519.72491,149696.350016566,182552.354586657
"751",2022-07-08,625081810.806386,1062598.31488135,398035.585716179
"752",2022-07-09,627911693.917994,171356.151681643,3935845.35550773
"753",2022-07-10,628108482.978373,31962.8432978359,246205.545413714
"754",2022-07-11,628317439.235113,45034.2901850866,263581.232876912
"755",2022-07-12,625467945.462366,460759.000941994,280148.736127822
"756",2022-07-13,627640881.446244,69386.1353534595,334601.360642877
"757",2022-07-14,627420484.788222,26889.6158401337,439539.225664008
"758",2022-07-15,627408178.711099,69061.0514038851,436349.581629668
"759",2022-07-16,627924434.582645,44360.767626743,178493.131410805
"760",2022-07-17,628373470.330823,14403.8191330572,206302.552797145
"761",2022-07-18,628519014.83834,567840.476572364,807648.118876025
"762",2022-07-19,629134934.747614,256441.964611136,315443.044477998
"763",2022-07-20,628940586.20318,24625.5714648795,219318.042434588
"764",2022-07-21,629040892.292028,162690.803354006,873244.398244396
"765",2022-07-22,630012410.646401,148179.953637698,832481.238272563
"766",2022-07-23,630579525.016684,25204.8810670032,342483.672505004
"767",2022-07-24,630866503.340682,106818.869174651,148797.89314171
"768",2022-07-25,631328901.850056,104215.210971429,335694.071638927
"769",2022-07-26,631965464.058922,436372.885648127,474385.567857593
"770",2022-07-27,631930656.811169,28607.1331510914,1018242.17905419
"771",2022-07-28,633122502.334797,82064.6165313638,144335.425835551
"772",2022-07-29,632850487.188852,309798.792494194,916288.787836123
"773",2022-07-30,633172053.313065,100666.491777564,181345.441413339
"774",2022-07-31,633251418.639023,33740.5724220239,335434.511019508
"775",2022-08-01,633401565.464301,97986.6925235967,273238.244065216
"776",2022-08-02,633783519.74814,32140.1935901762,142526.339402888
"777",2022-08-03,633261997.005284,851074.244541108,153983.584265635
"778",2022-08-04,633909267.428149,46720.2909896033,256652.558807695
"779",2022-08-05,633877492.147072,1547855.4634067,92753.6518057328
"780",2022-08-06,632636463.235761,59335.6618908526,133029.30118382
"781",2022-08-07,632591957.672121,54244.796277951,118850.218108338
"782",2022-08-08,632803046.64107,145743.585928985,112052.997940925
"783",2022-08-09,632746455.264886,42791.8185009524,921188.495625084
"784",2022-08-10,634229974.938282,278206.587843483,413105.338494586
"785",2022-08-11,633695493.735467,58919.4430149778,85412.4538418381
"786",2022-08-12,634211723.15985,363948.778467166,1920871.21352948
"787",2022-08-13,635636070.723055,54871.3425397586,396122.794788766
"788",2022-08-14,635896471.49125,79655.6316911688,87272.1008658637
"789",2022-08-15,636001460.37228,26631.037872488,615813.840259274
"790",2022-08-16,636053268.869845,481503.206477432,182411.824902705
"791",2022-08-17,635962484.064564,124671.330782404,128478.327247446
"792",2022-08-18,636058478.061466,1960064.53550675,419920.473556008
"793",2022-08-19,636215725.572916,105000.016246637,125415.067174482
"794",2022-08-20,634387846.386309,62993.296617057,409803.132037723
"795",2022-08-21,637040532.003608,35937.4273238138,81519.743386499
"796",2022-08-22,636658185.027453,9715361.86124706,9627087.09737157
"797",2022-08-23,636565476.820639,47140.120470749,229426.46445254
"798",2022-08-24,636848794.664967,302984.52343342,328643.31475499
"799",2022-08-25,636972078.239414,91185.7482828068,79132.8567089517
"800",2022-08-26,637012935.031317,34441.6621302824,209432.762165127
"801",2022-08-27,637773558.497574,33483.0779046832,296381.631376238
"802",2022-08-28,638042428.359252,36547.7346833436,54775.5772636689
"803",2022-08-29,638472815.573691,37348.2330411963,417694.307285571
"804",2022-08-30,638567768.002443,219486.225206567,722792.552642387
"805",2022-08-31,638792717.798466,33055.2180074087,80223.1394845706
"806",2022-09-01,638868198.631994,51890.0562754169,4046442.65605281
"807",2022-09-02,640284659.85585,1206812.58194969,965967.085979218
"808",2022-09-03,640152002.134832,61144.9062511461,214041.189726516
"809",2022-09-04,640178091.10112,37633.6521537162,122025.54289738
"810",2022-09-05,640078220.163795,83359.4721734362,179016.690320023
"811",2022-09-06,644082346.170938,49520.3674963119,152996.606599107
"812",2022-09-07,643468585.448137,76805.5187772194,1122790.88293641
"813",2022-09-08,644800031.115731,177433.427008011,222279.241922382
"814",2022-09-09,643911472.186726,253157.005757226,102288.507075365
"815",2022-09-10,644904182.399178,29154.1154812501,65178.0667745685
"816",2022-09-11,644570375.299478,684908.525467216,155140.072951005
"817",2022-09-12,644499087.533864,182601.461751143,167905.530063329
"818",2022-09-13,642651061.265948,1494302.18048647,82525.1044329856
"819",2022-09-14,642000049.304079,37141.4680617124,112566.226488065
"820",2022-09-15,642436142.647697,3208978.11984231,115518.549606356
"821",2022-09-16,639383599.474165,40175.6017206735,89696.6150520675
"822",2022-09-17,639517248.227093,34439.2209925344,300455.757916101
"823",2022-09-18,639826040.10408,30996.1488821097,97392.2325719752
"824",2022-09-19,639574961.951906,138822.676500053,148846.035182123
"825",2022-09-20,639944776.595011,389928.676247058,122152.316095278
"826",2022-09-21,639748955.171373,22827.2311873273,212817.069412583
"827",2022-09-22,639447411.228834,45962.1907069128,145077.565743927
"828",2022-09-23,639515131.033169,130483.690055814,187453.639272174
"829",2022-09-24,639810101.285287,20504.5572721204,117837.066222116
"830",2022-09-25,639636921.225003,55359.6646112434,123553.092005197
"831",2022-09-26,639729589.197407,35268.8873564826,90265.8857619878
"832",2022-09-27,640572347.605373,44887.3554150474,927225.027122069
"833",2022-09-28,641226655.662501,39924.8592269417,193288.588180293
"834",2022-09-29,641549246.782601,7666670.27309835,3245346.69661833
"835",2022-09-30,636882726.986205,256335.256012261,691431.968191982
"836",2022-10-01,637452536.255402,288671.582862901,420130.14219425
"837",2022-10-02,637573824.40877,68934.5596902307,215572.290597299
"838",2022-10-03,637846288.884512,86747.8034287437,194480.830150843
"839",2022-10-04,637967572.095623,42438.2903110067,132573.706280973
"840",2022-10-05,639301622.576003,3064306.50824888,121135.906149307
"841",2022-10-06,636360245.303263,47190.7375338157,188643.267752102
"842",2022-10-07,635976493.179923,57479.1739561348,540784.057549008
"843",2022-10-08,636522288.508877,42939.5884500245,233238.160182862
"844",2022-10-09,636724996.60333,130342.752768024,195828.776576933
"845",2022-10-10,636840200.475164,93089.2954890212,158087.773867255
"846",2022-10-11,638689393.981723,198968.233151077,839974.62503538
"847",2022-10-12,639090201.075095,136145.856702816,336822.011029544
"848",2022-10-13,637405494.525393,235317.202979677,520915.380655714
"849",2022-10-14,639022447.14748,35195.7200132577,239183.877470221
"850",2022-10-15,639072297.432282,71763.7744274919,80908.1459730841
"851",2022-10-16,639018543.417306,121294.723399953,92948.3221695756
"852",2022-10-17,639090153.487842,1237686.15628467,119881.079751397
"853",2022-10-18,638076619.403967,3027676.88166991,1965046.59533433
"854",2022-10-19,636783530.696585,2364927.67324614,803510.333636663
"855",2022-10-20,635644203.976383,70626.2151361428,364100.638928321
"856",2022-10-21,635708144.944726,231899.921002076,529864.914470981
"857",2022-10-22,635936757.508486,575370.525022629,207658.059130645
"858",2022-10-23,635505122.923967,226375.733456116,121590.837977969
"859",2022-10-24,636133715.735472,61131.4968468913,323001.802342505
"860",2022-10-25,636564703.349883,164464.085665735,99308.4946644843
"861",2022-10-26,636653693.774383,52386.9402415597,407247.183159414
"862",2022-10-27,636171943.473247,703666.765563034,196696.363192405
"863",2022-10-28,636119314.186229,385765.479108486,383561.031991783
"864",2022-10-29,636343203.441418,38906.6666137882,139500.547056867
"865",2022-10-30,636498588.926524,42630.5975279038,161650.224512691
"866",2022-10-31,637434237.394747,49209.7637752213,463280.564603464
"867",2022-11-01,638131050.05137,253715.488783665,865658.110614497
"868",2022-11-02,637500090.173698,118832.861784064,659926.653619897
"869",2022-11-03,638414464.800205,31572.2290666236,190208.236652156
"870",2022-11-04,637718361.972311,904949.238264253,223948.833607661
"871",2022-11-05,638106624.553892,81347.1767722149,149953.585819645
"872",2022-11-06,637043414.297496,52790.1841598244,778832.504772419
"873",2022-11-07,639477222.964666,358005.76494797,349199.006470601
"874",2022-11-08,638310256.597906,8067769.777681,241183.536639389
"875",2022-11-09,631090253.593451,239653.317816866,382242.655897727
"876",2022-11-10,630523569.625216,5110507.068926,540244.719973602
"877",2022-11-11,621368032.129524,3431263.8803659,485922.53088825
"878",2022-11-12,618651728.72782,165921.341674708,1031288.84126501
"879",2022-11-13,619829331.673604,288282.441517824,374503.54180787
"880",2022-11-14,619723085.547496,145775.809746843,526301.417866454
"881",2022-11-15,619758469.491243,781477.7936185,323436.444995922
"882",2022-11-16,617605638.914086,2080750.14488541,407841.829510917
"883",2022-11-17,617667255.931166,1971813.28689763,296954.226078486
"884",2022-11-18,615831076.825017,233973.566294947,1421242.22104693
"885",2022-11-19,616651099.594697,1070988.72746927,270429.466441028
"886",2022-11-20,614007443.174024,197773.000766292,350296.045920398
"887",2022-11-21,616611156.054375,317986.006594983,225982.374633114
"888",2022-11-22,614859453.927401,2014957.72470584,699374.06345375
"889",2022-11-23,614969523.535307,267018.462347832,665178.283101667
"890",2022-11-24,615413033.62578,35922871.7040029,176241.391331416
"891",2022-11-25,580311017.832169,138334.135394337,158976.48496661
"892",2022-11-26,580125306.35893,380153.831390405,149761.40219395
"893",2022-11-27,580227201.239315,298585.683444823,201162.983632239
"894",2022-11-28,580099144.61176,2995059.47967002,165638.573874235
"895",2022-11-29,577121292.30593,150480.950582314,200579.034186918
"896",2022-11-30,576417989.566765,139222.042715756,686487.382416086
"897",2022-12-01,576637735.616128,5834913.05988824,336405.010162445
"898",2022-12-02,576037910.347699,196403.272951892,442179.04475349
"899",2022-12-03,577727049.443932,286825.456920484,325907.615779319
"900",2022-12-04,577492346.50087,43366.5390315939,184453.766917146
"901",2022-12-05,577381471.721759,230162.236436439,272056.865538254
"902",2022-12-06,577147604.751784,1121593.77226624,1366207.16907089
"903",2022-12-07,578147442.6714,58303.4429851002,374637.210891307
"904",2022-12-08,578416116.543262,295528.50156001,214337.965996387
"905",2022-12-09,578101146.868606,401205.163960544,314670.24581089
"906",2022-12-10,578448686.685375,89033.0701529301,413015.79644688
"907",2022-12-11,578529812.347741,388107.972559561,338032.160963824
"908",2022-12-12,578777397.104194,328207.372554519,1322075.86641674
"909",2022-12-13,578975536.090455,88404.5967178455,1044948.62063278
"910",2022-12-14,579976979.54569,66617.6468829485,211693.834346139
"911",2022-12-15,580159832.96155,836825.42064287,169136.598810661
"912",2022-12-16,580022388.59467,71916.0197055903,675339.533404267
"913",2022-12-17,580739703.146341,30179.0594147611,1381791.97209747
"914",2022-12-18,582001897.993847,3560610.83124976,232428.55985109
"915",2022-12-19,578024416.50588,11039636.178416,1075190.06754439
"916",2022-12-20,568670210.69277,475244.446799624,431719.28119076
"917",2022-12-21,568412889.428913,64128.3200090559,788367.518817139
"918",2022-12-22,568941474.899839,338812.380925879,304294.115606153
"919",2022-12-23,569214311.228433,88758.2137870317,194165.93420515
"920",2022-12-24,569783011.926315,11244769.8509545,553392.502049512
"921",2022-12-25,559281022.180743,61852.8551402021,307803.44446246
"922",2022-12-26,559933676.46587,1486219.51497894,352717.046329856
"923",2022-12-27,558734637.116928,153043.338513102,869788.889813184
"924",2022-12-28,560880416.435022,227900.13211014,3140506.74675175
"925",2022-12-29,561941940.45573,159786.011039238,420163.001048548
"926",2022-12-30,562279276.967977,252547.569135476,733299.997775247
"927",2022-12-31,562785326.584786,123336.596584648,262689.612058858
"928",2023-01-01,561278366.112874,483835.625555215,1196485.65092425
"929",2023-01-02,563058738.880152,683856.079015138,693693.293804632
"930",2023-01-03,563901718.195661,36327.2467720776,959993.470394903
"931",2023-01-04,564961014.963887,359134.971410837,829002.061089964
"932",2023-01-05,565469681.657249,439830.339113135,3958997.69075432
"933",2023-01-06,569991797.078013,83152.2887301522,541723.941035637
"934",2023-01-07,570820252.22528,131422.242679618,911893.28490347
"935",2023-01-08,571428264.65619,120973.762920576,655157.299276424
"936",2023-01-09,571497992.66881,451327.995541923,7237672.54542001
"937",2023-01-10,572213648.474446,170946.755367676,183919.414854973
"938",2023-01-11,572294850.128904,64645.1066921461,202667.568637117
"939",2023-01-12,572533830.251173,171784.209988855,198839.779326558
"940",2023-01-13,573044318.155648,688900.152858672,300690.358274581
"941",2023-01-14,572342422.127065,152904.902870523,185648.664142765
"942",2023-01-15,572068700.976921,70644.2716000691,686632.439864281
"943",2023-01-16,572716877.12304,1140392.87281258,708493.239059515
"944",2023-01-17,574300576.982604,198906.805178211,2019256.46468756
"945",2023-01-18,580968387.588514,54782.9728028534,255798.528335821
"946",2023-01-19,581636032.183223,60129.7237263675,534429.8002614
"947",2023-01-20,582066812.253453,77929.8025183358,350487.65259631
"948",2023-01-21,582077189.89262,388233.547954158,203770.083891204
"949",2023-01-22,582363045.134892,1682666.662873,365366.436159492
"950",2023-01-23,580729683.006864,105026.84340451,190152.160167946
"951",2023-01-24,612053934.31521,30672631.5003719,34213824.2673338
"952",2023-01-25,584670880.270464,267444.498992864,219317.752253997
"953",2023-01-26,584727979.448493,932780.080183012,130149.317434801
"954",2023-01-27,583675265.417742,171814.444885917,454775.603742373
"955",2023-01-28,583891043.869665,61891.6170755872,117049.472792382
"956",2023-01-29,584035481.129113,82799.8319384902,444073.285708846
"957",2023-01-30,584096866.266584,307877.466281101,4149348.77615304
"958",2023-01-31,588043114.309067,248766.864148844,740928.097688146
"959",2023-02-01,588577924.001032,83492.6271266055,858271.530875793
"960",2023-02-02,590951351.629795,464228.272238954,12584365.7013933
"961",2023-02-03,591196900.542568,1881818.51037877,2181316.82083792
"962",2023-02-04,590942600.9173,1512948.35060919,349341.452444108
"963",2023-02-05,590765388.516091,365785.884200141,609466.414723913
"964",2023-02-06,591612710.239432,126087.02314262,2645847.0882418
"965",2023-02-07,594244639.270293,937474.884093388,888336.433641888
"966",2023-02-08,594038397.820645,143054.717585288,426839.023833527
"967",2023-02-09,594380455.117278,164702.124667451,2310685.97594256
"968",2023-02-10,596573225.413206,329618.561235152,2220149.64457908
"969",2023-02-11,598288529.63984,143358.998643151,350827.307126758
"970",2023-02-12,598491346.021789,125691.361969181,343650.979561076
"971",2023-02-13,598687140.155801,320574.367143657,457420.503253643
"972",2023-02-14,607412119.094698,232793.611489422,502030.489784572
"973",2023-02-15,606334584.229535,57389.0496702912,437237.794171042
"974",2023-02-16,610557722.405441,215616.619658756,1358439.55831439
"975",2023-02-17,611601455.800985,83386.7066899105,302566.667905599
"976",2023-02-18,611708621.972555,249413.223215973,449762.956435038
"977",2023-02-19,611302181.035604,245393.43913467,484848.638146566
"978",2023-02-20,610969455.996056,210852.231768114,471440.035650413
"979",2023-02-21,612274570.212674,107502.804460237,731653.570690157
"980",2023-02-22,612007603.806105,909114.105435854,1376663.63882491
"981",2023-02-23,613650355.970465,203252.337814353,233590.769763159
"982",2023-02-24,613571738.410492,164979.728486065,242051.712167534
"983",2023-02-25,614179804.879697,32423.829258403,182105.961959304
"984",2023-02-26,614309912.999812,126953.008917108,356526.709977754
"985",2023-02-27,613692110.858653,117365.47231246,18715781.5521872
"986",2023-02-28,632189367.654397,151572.60940655,1314095.33042159
"987",2023-03-01,626678714.285841,483603.488063921,1002055.18340718
"988",2023-03-02,632244090.120652,412756.980622459,378871.145106074
"989",2023-03-03,635862070.006778,294337.297756113,573568.243040052
"990",2023-03-04,635072688.594416,57226.4068052877,369541.22588063
"991",2023-03-05,636558274.358366,100992.00042195,219553.870173789
"992",2023-03-06,636435779.710382,281907.311818758,1391032.95019124
"993",2023-03-07,636328780.932107,812476.099710005,390759.585192994
"994",2023-03-08,637114229.870481,74711.3437969378,467596.992241631
"995",2023-03-09,637689698.256938,2326117.0230134,472752.116100799
"996",2023-03-10,635638934.508708,622070.035722888,759019.658594649
"997",2023-03-11,635953826.357027,180234.717456765,357991.817786402
"998",2023-03-12,636320968.136147,92349.3091928812,267392.069874375
"999",2023-03-13,636532497.332776,453330.342576211,266292.320178909
"1000",2023-03-14,636538600.680175,2479529.08574763,1870797.34413895
"1001",2023-03-15,635917155.505358,448872.786509405,625213.694935878
"1002",2023-03-16,636106881.613979,139268.967703984,1935592.32192001
"1003",2023-03-17,638163022.114037,254630.644049166,875011.990052323
"1004",2023-03-18,635351591.133973,275525.514384691,357859.369586997
"1005",2023-03-19,611034888.939043,265900.566972121,181620.92648572
"1006",2023-03-20,612899164.225495,390717.646621693,679585.047552573
"1007",2023-03-21,611357242.443356,431724.491397336,398748.74252406
"1008",2023-03-22,613204114.740073,352879.57625374,218235.070868608
"1009",2023-03-23,612976811.023151,233856.585326553,452787.795918868
"1010",2023-03-24,613307071.661265,201022.498881477,182145.329961916
"1011",2023-03-25,612959104.295002,172864.78238195,279388.862081592
"1012",2023-03-26,612643002.464876,803958.640321074,138898.363125157
"1013",2023-03-27,612269654.438331,220592.439463248,607156.386531253
"1014",2023-03-28,613326824.59767,84695.163048715,345446.841727417
"1015",2023-03-29,613808040.806355,167399.224715783,287000.31207568
"1016",2023-03-30,613993638.689446,167493.638665848,304588.970169479
"1017",2023-03-31,613906401.10813,144591.857425271,470677.828462782
"1018",2023-04-01,613342469.68713,88899.2786273699,386941.141830745
"1019",2023-04-02,613678378.708737,112356.435811218,391463.848035132
"1020",2023-04-03,614052102.26859,674443.491791225,267878.829725198
"1021",2023-04-04,614173211.516509,307919.943375964,184251.095555273
"1022",2023-04-05,614388590.986975,1536945.1238014,276942.729886293
"1023",2023-04-06,613512367.266695,88833.6177005277,349486.263319941
"1024",2023-04-07,613603973.408011,1750289.81631423,806318.630386624
"1025",2023-04-08,612406065.223371,63433.8969330584,184863.99542259
"1026",2023-04-09,612552238.533705,196898.509331027,244641.612149102
"1027",2023-04-10,614089393.718968,663602.661445868,2770198.34432609
"1028",2023-04-11,615141864.169534,348245.236298849,692346.200634147
"1029",2023-04-12,615807737.537597,107033.318438587,681797.022541865
"1030",2023-04-13,616231620.537325,288351.740509837,330818.798286167
"1031",2023-04-14,616161252.526285,178412.214473315,2621492.09000562
"1032",2023-04-15,618758101.995674,140664.166186948,261219.333695802
"1033",2023-04-16,619095130.192092,51405.0582497652,293681.012985078
"1034",2023-04-17,619207684.761774,256340.044184728,379308.792537058
"1035",2023-04-18,619551835.837312,141582.34876948,420879.664622345
"1036",2023-04-19,619724636.889612,632223.00210103,1667842.74238773
"1037",2023-04-20,621202070.48184,2224340.90487597,5645316.8501823
"1038",2023-04-21,627642602.641209,131336.59211507,3367304.77387632
"1039",2023-04-22,627874738.821602,74006.8819466475,1240579.4676315
"1040",2023-04-23,629063619.670403,113107.317909347,208160.225026038
"1041",2023-04-24,629428745.333509,66234.6238618089,2104669.59900887
"1042",2023-04-25,631483036.514391,252669.251584716,509107.654229464
"1043",2023-04-26,631663007.623351,78350.7957681637,357805.064116076
"1044",2023-04-27,631934090.765122,456760.689489728,406819.635412303
"1045",2023-04-28,631954708.278253,647504.015572084,2549648.57098344
"1046",2023-04-29,633961234.987968,79355.733524627,227181.663273178
"1047",2023-04-30,634181570.283445,45749.3178346274,151531.912636424
"1048",2023-05-01,634696381.931903,88906.9301389878,1270737.77965798
"1049",2023-05-02,634807267.358687,104298.984006525,2007690.98488852
"1050",2023-05-03,637601207.963573,380272.915773111,217108.735823623
"1051",2023-05-04,534301056.019766,5151049.47280071,388617.451685325
"1052",2023-05-05,534520451.941211,443119.553583574,246079.204835245
"1053",2023-05-06,534417863.155565,40876.2625659829,149893.198021957
"1054",2023-05-07,534284365.323575,433562.587487913,496044.17878231
"1055",2023-05-08,533958382.51396,774327.837548969,450126.53748894
"1056",2023-05-09,547137467.979199,95843.8112387595,13328871.4136626
"1057",2023-05-10,545740027.276857,1906763.18585516,1817887.81471431
"1058",2023-05-11,547478096.111551,120598.666982973,1156408.71303425
"1059",2023-05-12,550157803.232267,67404.7069917923,2093537.9070224
"1060",2023-05-13,550452427.144304,55407.5399013431,166485.781404415
"1061",2023-05-14,550682352.698019,122345.466658944,222655.795154777
"1062",2023-05-15,551181785.906216,19047265.6931057,783842.057852712
"1063",2023-05-16,551610650.412961,64811606.3892205,442194.534456369
"1064",2023-05-17,551642908.654423,10360856.4009188,5518867.07265708
"1065",2023-05-18,557105547.360301,5484359.19732247,246679.23411485
"1066",2023-05-19,557109703.93572,368835.628203737,289428.000181234
"1067",2023-05-20,557335005.431811,85721.4139850859,1764005.51892575
"1068",2023-05-21,559001390.322698,55532.9110005224,110754.112928505
"1069",2023-05-22,559233970.125,143499.218646942,853504.814437403
"1070",2023-05-23,560407854.325677,368398.25630851,1394156.32595868
"1071",2023-05-24,561383627.96439,326450.39787813,710290.383111967
"1072",2023-05-25,566487661.118367,189632.390072957,161346.39846852
"1073",2023-05-26,566554300.286781,238572.05919314,1226122.62431532
"1074",2023-05-27,567644666.864127,64554.5821530344,197114.811312291
"1075",2023-05-28,568327685.200754,63781.2983782052,468462.642805142
"1076",2023-05-29,568381317.906346,679697.934407625,514088.658338163
"1077",2023-05-30,568613750.665124,431943.681585626,942487.863858597
"1078",2023-05-31,569131426.693494,109884.869965923,687483.964383357
"1079",2023-06-01,569582487.758781,790546.230259316,482347.11346441
"1080",2023-06-02,569484178.40534,521070.087586418,543101.983615533
"1081",2023-06-03,569565766.954546,51686.8995130431,182543.957950607
"1082",2023-06-04,569746639.323164,82155.9547863016,145503.995338176
"1083",2023-06-05,570472414.790399,93350.0797058123,940095.378279832
"1084",2023-06-06,570904083.40337,73402.7152684455,599298.117093894
"1085",2023-06-07,571323590.987057,3432061.68433269,414224.186052468
"1086",2023-06-08,568503219.619597,208775.147902331,374814.820545483
"1087",2023-06-09,569009753.598711,226638.435150638,498197.856983288
"1088",2023-06-10,569592959.880443,214823.261907087,671169.973024223
"1089",2023-06-11,570152946.429668,1104485.03807893,999860.168950448
"1090",2023-06-12,569845632.340376,360324.763697358,946073.270666818
"1091",2023-06-13,570538874.404735,75482.5642937905,582523.164961061
"1092",2023-06-14,570960325.216465,282077.511165306,382427.195821657
"1093",2023-06-15,571270305.738785,131959.462516854,420057.157171394
"1094",2023-06-16,570001729.219656,79637.3855532895,513087.0206776
"1095",2023-06-17,571097560.200778,100572.507472738,1113217.006347
"1096",2023-06-18,572201653.157067,162573.829091647,194267.942188418
"1097",2023-06-19,571946379.631191,82686.4329679974,437946.815244089
"1098",2023-06-20,572526617.696604,995430.731924118,1229319.92200072
"1099",2023-06-21,573763472.974833,339721.746438182,347048.465863533
"1100",2023-06-22,573491333.589177,759556.032746756,703684.062142239
"1101",2023-06-23,574089159.68289,112811.766955784,486239.9768505
"1102",2023-06-24,572451872.253074,90323.8764373474,777359.124462799
"1103",2023-06-25,573492456.826984,218218.91479102,144800.94312967
"1104",2023-06-26,573133211.633968,80778.1218115022,492789.359446323
"1105",2023-06-27,575002232.361485,139072.219061562,420860.981538115
"1106",2023-06-28,575150548.221852,139477.654580443,1698250.38669555
"1107",2023-06-29,578042023.852061,451515.37933292,1030626.23604913
"1108",2023-06-30,577886551.930411,216403.46211379,451730.576615446
"1109",2023-07-01,578191529.45426,105320.369508325,229981.060179334
"1110",2023-07-02,578666620.681013,254543.652502559,705977.802337656
"1111",2023-07-03,578964785.384829,419320.731201504,910175.318318204
"1112",2023-07-04,579232795.999362,204452.849610583,826805.226797457
"1113",2023-07-05,579972122.223813,113243.267298642,405493.345207237
"1114",2023-07-06,580009396.736181,262994.299650196,332264.51915342
"1115",2023-07-07,578077667.865248,248673.452558674,226024.970892731
"1116",2023-07-08,580344161.539603,83484.9830586678,176501.100319251
"1117",2023-07-09,580249464.723513,1167658.71119124,216572.140359109
"1118",2023-07-10,579508108.116456,1775431.89690308,742230.705373209
"1119",2023-07-11,578343356.17551,117685.183602741,683400.094446208
"1120",2023-07-12,583297973.279482,963430.053494136,316219.860617468
"1121",2023-07-13,585414163.471734,113368.36805511,2361713.16975302
"1122",2023-07-14,586006121.450605,292758.365920661,692862.333006646
"1123",2023-07-15,586340078.493844,88386.1331410414,230044.448633691
"1124",2023-07-16,586510513.257292,187531.721535437,334133.950561674
"1125",2023-07-17,586513858.282686,105244.860950834,2667620.75625803
"1126",2023-07-18,590281929.959456,4917597.21377455,786906.150068434
"1127",2023-07-19,596277121.821032,307613.052757797,366535.365389048
"1128",2023-07-20,596295517.556555,219279.674805535,285445.04092547
"1129",2023-07-21,596377955.720588,211646.017845603,318923.277407888
"1130",2023-07-22,596783216.527665,174412.594810135,189537.989131642
"1131",2023-07-23,596888030.041143,79517.2757968128,206176.11515169
"1132",2023-07-24,596826776.306594,368640.393829446,899329.720720015
"1133",2023-07-25,597608544.49929,209514.836790186,1317990.74153995
"1134",2023-07-26,598471238.429607,99415.4197565491,336004.612910766
"1135",2023-07-27,598845172.802859,471490.432859324,417735.413991561
"1136",2023-07-28,598816604.879251,107625.881339419,402261.632222183
"1137",2023-07-29,599286380.43202,357423.901770721,160249.709504076
"1138",2023-07-30,598760766.586342,97909.2905159789,374341.595780738
"1139",2023-07-31,599514095.380888,97465.5547132307,1145378.42651328
"1140",2023-08-01,600731689.689378,130598.060595561,699562.024065357
"1141",2023-08-02,601117850.831506,211885.027900267,889599.789759802
"1142",2023-08-03,602113814.687247,107001.002127498,454028.154224287
"1143",2023-08-04,608748753.712597,230396.931994779,285858.945986361
"1144",2023-08-05,608840108.364355,66059.9023097838,193649.545269235
"1145",2023-08-06,609190598.949181,179572.433246911,338748.040824532
"1146",2023-08-07,609163947.118276,134323.871463442,1627005.43159646
"1147",2023-08-08,609708479.255927,186242.905627332,2020647.63542529
"1148",2023-08-09,610817223.839698,715485.006500892,846355.551347781
"1149",2023-08-10,616747639.618342,137618.445962466,5858767.63074095
"1150",2023-08-11,621860914.66789,130820.084766809,16048208.6696466
"1151",2023-08-12,630023242.418421,61241.4741886622,6403323.95508867
"1152",2023-08-13,637024755.84879,67724.9356195324,4598373.88071624
"1153",2023-08-14,637177966.160288,97775.203660396,3139798.95207576
"1154",2023-08-15,637010611.414832,2097660.26101176,1381983.6830854
"1155",2023-08-16,639664052.932435,441546.321126216,761434.338382855
"1156",2023-08-17,647328789.955108,323493.714499818,7162715.47378158
"1157",2023-08-18,653995709.047858,133464.305026035,430866.823870043
"1158",2023-08-19,654607501.819572,59246.2290228656,157646.366389962
"1159",2023-08-20,654626236.429317,381621.18737154,226919.952186162
"1160",2023-08-21,653621964.800973,504778.675309253,802976.326052995
"1161",2023-08-22,656575420.112218,123943.919617587,878099.72351276
"1162",2023-08-23,657004767.203278,208128.003863862,1097685.14317185
"1163",2023-08-24,656451228.430035,210073.301061189,313076.428291247
"1164",2023-08-25,656409855.477638,633231.798902859,271461.802879513
"1165",2023-08-26,656627602.337636,92486.9559395661,159409.041532023
"1166",2023-08-27,657843020.855874,170901.163395575,180096.038677197
"1167",2023-08-28,656885358.476422,63561.3935989408,1956769.54329585
"1168",2023-08-29,657438057.533674,246164.131883203,350001.310370667
"1169",2023-08-30,657069775.024766,94574.4042176087,395939.779354401
"1170",2023-08-31,660760822.334772,153359.191303864,774261.404955267
"1171",2023-09-01,661308766.604329,198627.327790206,565361.608423608
"1172",2023-09-02,661671397.516106,82220.3451476356,322286.903887763
"1173",2023-09-03,661831378.710228,1559124.2731619,183523.901425667
"1174",2023-09-04,660922395.023383,170462.43349333,530481.09974939
"1175",2023-09-05,660874843.303686,522123.609901019,564185.700850807
"1176",2023-09-06,661139658.566801,167997.997249303,388347.529794993
"1177",2023-09-07,661236420.889713,153389.056391424,279757.096660056
"1178",2023-09-08,661473610.130284,305751.952655521,517715.983325905
"1179",2023-09-09,660349538.601871,57521.1616770432,194178.946783617
"1180",2023-09-10,660567648.171768,69265.917660374,237708.896742444
"1181",2023-09-11,660854125.501325,134813.791238753,910015.975971283
"1182",2023-09-12,662406061.50113,1420988.00223985,430298.017238274
"1183",2023-09-13,660590114.471642,165004.462453354,303160.421559533
"1184",2023-09-14,660813084.779697,390417.519391384,650183.657671766
"1185",2023-09-15,661020203.933971,140746.257706868,463529.04080453
"1186",2023-09-16,661616462.513203,128324.150856253,505930.810043452
"1187",2023-09-17,661991159.256405,175073.841775361,190053.232195124
"1188",2023-09-18,661828513.913163,956692.97716303,1621940.21617383
"1189",2023-09-19,664361989.724554,1594934.40528302,588831.189859425
"1190",2023-09-20,660451500.237627,574831.518607364,516020.676537725
"1191",2023-09-21,660160100.749413,250630.44352397,650510.809899371
"1192",2023-09-22,660436965.776798,308319.532311363,484654.376368293
"1193",2023-09-23,660479209.686672,48859.529171562,134173.160103178
"1194",2023-09-24,663008856.171133,251906.909469393,838813.611597848
"1195",2023-09-25,662772811.626888,348145.423699966,1784067.60734896
"1196",2023-09-26,664390388.455992,153636.021440753,280412.30896169
"1197",2023-09-27,664456727.038564,98293.2015844298,439445.279015596
"1198",2023-09-28,662857456.313588,517152.437136884,413490.238988425
"1199",2023-09-29,663059018.656356,209072.280020561,398852.115369945
"1200",2023-09-30,663204990.262967,145707.838736592,219829.652064837
"1201",2023-10-01,663442743.108011,93918.2224292372,160844.086314968
"1202",2023-10-02,663764113.700645,145596.938325191,510429.778941909
"1203",2023-10-03,664759566.506964,210027.525393477,1241982.25808865
"1204",2023-10-04,664751684.459401,680855.128043405,334221.259526442
"1205",2023-10-05,665366717.341035,1127776.95077762,494755.133974521
"1206",2023-10-06,664336678.912931,377746.866471514,245464.117813239
"1207",2023-10-07,665678404.547895,82769.9035466456,142499.828913774
"1208",2023-10-08,666040910.626744,58893.5416880841,188848.896621547
"1209",2023-10-09,665616799.981196,107083.501472332,537241.11802547
"1210",2023-10-10,664900315.495581,428776.052332617,434807.664193851
"1211",2023-10-11,665113824.86425,217175.066900604,1601246.64750797
"1212",2023-10-12,666415338.187057,865630.359043783,684913.786329412
"1213",2023-10-13,666404547.310887,112332.810700203,606164.84978952
"1214",2023-10-14,667073493.610056,75279.046585056,278813.533271558
"1215",2023-10-15,668387696.44932,115160.259696607,446537.908532151
"1216",2023-10-16,668812061.971405,2571071.3239131,2871407.63009791
"1217",2023-10-17,670464165.734877,241840.647558583,390359.456285454
"1218",2023-10-18,670290196.812732,669482.90340292,294449.6486467
"1219",2023-10-19,669063631.615546,273355.998523289,326625.476448972
"1220",2023-10-20,670539418.10551,203390.309621561,263916.705576779
"1221",2023-10-21,667287639.510893,514739.77784098,726565.633203471
"1222",2023-10-22,670178030.015479,388932.158916773,577932.351379616
"1223",2023-10-23,669571234.186302,467216.495724908,607703.305085795
"1224",2023-10-24,673784911.990751,548533.612544342,6974710.90009435
"1225",2023-10-25,680356792.604016,276408.183353089,2375284.07122834
"1226",2023-10-26,681327530.026227,1109081.19244247,2453863.25264339
"1227",2023-10-27,684122838.472382,837855.87559261,7388759.1550472
"1228",2023-10-28,692984654.601698,137924.338148577,2625462.80915156
"1229",2023-10-29,693296859.579378,323097.889409445,514780.734434402
"1230",2023-10-30,693494643.958342,291131.229524522,1479924.21665747
"1231",2023-10-31,690561777.578001,5281824.27491216,1125455.0886865
"1232",2023-11-01,691385020.153076,1450449.91021005,476770.089481719
"1233",2023-11-02,689415771.224457,1307317.47962601,569478.843292518
"1234",2023-11-03,687759884.005267,357130.22735628,517707.219873889
"1235",2023-11-04,688067683.889991,250610.403821645,330461.95267248
"1236",2023-11-05,688555617.14823,214177.516323731,710372.391554486
"1237",2023-11-06,689270420.716111,299622.7803273,940899.926132264
"1238",2023-11-07,690422943.502545,249101.365518035,2087543.54067692
"1239",2023-11-08,692031726.493223,371782.409569953,1147496.02165344
"1240",2023-11-09,693183319.799153,513983.78293188,1017871.44304219
"1241",2023-11-10,693666225.965023,682013.517189503,1154560.84520196
"1242",2023-11-11,694175993.526387,954323.614647398,819877.81896666
"1243",2023-11-12,694688239.122211,471558.764895307,582018.880951397
"1244",2023-11-13,694420172.548239,1180125.48566694,2092041.69057572
"1245",2023-11-14,693376886.025874,258744.605356197,2994468.01083649
"1246",2023-11-15,697380624.248761,310214.110804446,450980.696393439
"1247",2023-11-16,697482705.791906,732934.45269656,965128.192938044
"1248",2023-11-17,697470179.005249,319880.831748363,370923.51799709
"1249",2023-11-18,697924277.71903,229921.801206368,200295.683398057
"1250",2023-11-19,698208986.953786,146274.823122669,166015.027089554
"1251",2023-11-20,698791533.477393,367415.558975248,8299620.25379681
"1252",2023-11-21,704731490.351779,1924334.56724382,666609.608181091
"1253",2023-11-22,705657910.043106,438991.097742393,763525.503923677
"1254",2023-11-23,706130860.580442,131572.048487037,800931.081964224
"1255",2023-11-24,705013171.07851,456092.322381508,1363116.47937071
"1256",2023-11-25,707420345.959464,119466.653005975,269631.90004017
"1257",2023-11-26,707674133.579496,569584.284406203,258642.899350223
"1258",2023-11-27,708217444.918087,299454.20386639,1406279.14707574
"1259",2023-11-28,709030034.189113,751762.91420234,910689.092145479
"1260",2023-11-29,709593205.48651,1788815.97527722,556565.590866939
"1261",2023-11-30,708916977.409681,1976877.84368732,607920.935299129
"1262",2023-12-01,708536719.368671,1557399.65895984,412910.352072099
"1263",2023-12-02,709225050.651692,128897.2235676,761007.260826084
"1264",2023-12-03,709097173.107667,416542.419160658,367617.01062502
"1265",2023-12-04,709218156.714712,563755.099628736,692795.487180345
"1266",2023-12-05,709321649.239182,315120.740404023,495789.96651211
"1267",2023-12-06,709535934.988859,603538.185728873,649445.839639847
"1268",2023-12-07,709585133.73023,969214.611157934,781087.168349904
"1269",2023-12-08,710069987.206154,551629.436393365,1456507.79502748
"1270",2023-12-09,710959439.378513,1532089.11286914,1037257.26308164
"1271",2023-12-10,710064558.27687,415832.562685685,372801.026068788
"1272",2023-12-11,710811658.647161,1550328.40308174,1219935.53787813
"1273",2023-12-12,709960297.934519,1894299.69037185,1195899.19114611
"1274",2023-12-13,709812923.146664,2043316.12679178,1084471.28794167
"1275",2023-12-14,708573202.806256,663768.827113149,1030420.84132393
"1276",2023-12-15,709228894.975204,264414.404196301,5633390.28854864
"1277",2023-12-16,709514943.026491,261258.473371275,350234.572489125
"1278",2023-12-17,709973312.876098,169746.451465589,260608.031187523
"1279",2023-12-18,710026715.174855,1855213.64856099,845302.723318621
"1280",2023-12-19,709595661.436451,3117250.67097502,1962680.95391806
"1281",2023-12-20,711731965.153809,2324894.34167047,591071.224920059
"1282",2023-12-21,710594758.374746,725828.338780367,939191.981731065
"1283",2023-12-22,708768754.150191,1744583.66007878,2462935.70123689
"1284",2023-12-23,708193687.750414,226209.802023183,399723.962836918
"1285",2023-12-24,706447049.678477,831257.434524304,610826.107097951
"1286",2023-12-25,710426410.013386,764990.395010603,859156.307430702
"1287",2023-12-26,706115908.47112,462134.63930595,751356.343128895
"1288",2023-12-27,710677473.913163,1131191.90126899,1847706.09827567
"1289",2023-12-28,709675257.321804,1866693.3995634,560449.044579702
"1290",2023-12-29,709125486.447091,403838.958468529,645860.321901233
"1291",2023-12-30,709634384.973439,231939.813240879,296855.911736513
"1292",2023-12-31,710017724.056782,263585.528573235,953022.252732536
"1293",2024-01-01,711078933.460121,181936.303856654,2319168.18663351
"1294",2024-01-02,711560349.986145,295226.031903199,616235.357462298
"1295",2024-01-03,715148530.219904,343818.304438081,1272437.22974575
"1296",2024-01-04,715147064.828516,199562.7634241,1642941.60924816
"1297",2024-01-05,718798372.70866,379712.434441557,881242.023216056
"1298",2024-01-06,717187527.134048,334810.281149313,631685.924547274
"1299",2024-01-07,719814722.061409,159984.554664538,539888.20299549
"1300",2024-01-08,720347511.909213,1786946.2747894,942326.432109964
"1301",2024-01-09,719442622.747724,454489.098745972,4119030.54179761
"1302",2024-01-10,721442511.020551,215717.1040713,1253445.5484239
"1303",2024-01-11,724453250.393608,461350.618956472,723207.996118383
"1304",2024-01-12,725565048.26962,376198.232139973,1207386.73678838
"1305",2024-01-13,724340248.669501,169335.684340502,729158.241221235
"1306",2024-01-14,727065755.790129,250816.144217066,1238284.9844086
"1307",2024-01-15,728006537.184818,432724.401714484,410711.635111236
"1308",2024-01-16,721291540.637087,4868399.09048721,2319488.88858591
"1309",2024-01-17,725266319.389562,1197127.64767695,2192265.35141618
"1310",2024-01-18,725363039.253486,263167.350992937,2077196.47835699
"1311",2024-01-19,727248021.394505,161276.126371842,770643.843076556
"1312",2024-01-20,728211988.761848,409228.85848316,376434.983022002
"1313",2024-01-21,730035249.750539,117601.578369012,506078.13682038
"1314",2024-01-22,730722316.320808,176754.17392203,2105553.55283115
"1315",2024-01-23,732151575.225241,416373.926882293,1800829.84074107
"1316",2024-01-24,733293834.466184,145931.140903514,851367.101577345
"1317",2024-01-25,734450712.530525,200884.058723235,707719.369948752
"1318",2024-01-26,735647516.335759,1088135.33071402,986788.047710861
"1319",2024-01-27,735860921.090862,130636.143841039,430414.575833169
"1320",2024-01-28,736099723.897549,125967.564525028,396172.939519544
"1321",2024-01-29,736270825.221366,146626.088591676,1634295.1430561
"1322",2024-01-30,737865093.131118,393780.651406023,4289877.47275368
"1323",2024-01-31,742089411.818604,266992.771293367,1375916.39787808
"1324",2024-02-01,742190826.220248,160062.032600522,936658.702662359
"1325",2024-02-02,744297949.881469,273338.293618959,1011961.51537225
"1326",2024-02-03,745254657.80313,207755.396741047,413645.187675901
"1327",2024-02-04,745381077.459628,477233.780951833,497881.18658939
"1328",2024-02-05,745932407.023698,205118.621053368,1244392.5628838
"1329",2024-02-06,746960194.505562,170675.235015886,1051803.14844657
"1330",2024-02-07,747642524.832452,921881.623084899,1005392.4741332
"1331",2024-02-08,745983783.21564,801182.002026384,857159.844912548
"1332",2024-02-09,747535210.082346,632885.583814803,889809.950457551
"1333",2024-02-10,748014859.262957,215188.14318461,452905.188043549
"1334",2024-02-11,748157169.683961,249474.516146582,301185.924256614
"1335",2024-02-12,746169077.963266,342278.984448159,5038844.22622885
"1336",2024-02-13,752582056.551837,347565.151780336,888759.17964816
"1337",2024-02-14,753929528.080166,1480083.43144818,818830.000597471
"1338",2024-02-15,752356455.880466,1195780.61038215,857489.553609812
